id,first_name,last_name,email,gender,date of Joining,Salary,Language,City
1,Ed,Kindleysides,ekindleysides0@nhs.uk,Male,21/09/2025,62467.85,Divehi,Dresden
2,Keary,Burgon,kburgon1@google.co.jp,Male,17/08/2017,35013.91,Esperanto,BOLZANO-BOZEN
3,Jeanelle,Fisbey,jfisbey2@biglobe.ne.jp,Female,02/12/2018,80021.49,Latvian,TUPELO
4,Mathias,Stickins,mstickins3@1und1.de,Male,01/12/2018,68646.57,Thai,BEVERLY
5,Nataline,Crosi,ncrosi4@fastcompany.com,Female,28/09/2016,37093.02,Azerbaijani,Stockholm
6,Giacopo,Garrity,ggarrity5@moonfruit.com,Male,28/08/2020,97514.47,Armenian,Limerick
7,Francklyn,O'Cassidy,focassidy6@salon.com,Male,17/05/2024,93547.95,Hungarian,PHILIP
8,Talbot,Patrie,tpatrie7@cafepress.com,Male,13/09/2018,62272.18,Georgian,TUPELO
9,Nikolaus,Beeching,nbeeching8@goo.gl,Agender,07/02/2025,30659.52,Pushto,SELVA DI VAL GARDENA
10,Shaun,Careless,scareless9@shutterfly.com,Female,15/03/2023,68420.44,Kikuyu,SCHELL CITY
11,Dimitri,Applegate,dapplegatea@g.co,Male,10/02/2022,75303.56,Tsonga,CORVALLIS
12,Shae,Ottley,sottleyb@earthlink.net,Male,24/05/2020,26682.71,Church Slavic,ATLANTA
13,Druci,Jozsef,djozsefc@myspace.com,Female,06/11/2021,42047.97,Oriya,Frauenkirchen
14,Neel,Minghella,nminghellad@canalblog.com,Male,14/04/2016,95923.56,Nepali,Sint-Jans-Molenbeek
15,Sergei,Brounfield,sbrounfielde@flickr.com,Bigender,02/01/2023,75409.65,Nauru,JACKSON
16,Ira,Braid,ibraidf@sourceforge.net,Male,04/01/2023,18664.56,Kuanyama,ST. PAUL
17,Jonathon,Haley,jhaleyg@washingtonpost.com,Male,26/09/2019,56213.28,Kikuyu,BIRMINGHAM
18,Micheal,Frazer,mfrazerh@yahoo.co.jp,Male,08/07/2021,55658.11,Abkhazian,ROMA
19,Stepha,Kingswold,skingswoldi@usda.gov,Female,03/12/2022,98751.92,Esperanto,St. Martin im Mühlkreis
20,Ty,Olin,tolinj@omniture.com,Male,28/01/2025,96148.67,Telugu,TUPELO
21,Kristan,Brede,kbredek@nba.com,Female,11/04/2022,58738.76,Igbo,COLUMBUS
22,Gardy,Burel,gburell@redcross.org,Male,26/01/2022,66747.42,Urdu,Bad Ischl
23,Eliot,Pampling,epamplingm@domainmarket.com,Male,05/06/2016,69636.17,Slovenian,ROMA
24,Elsie,Antoinet,eantoinetn@devhub.com,Female,01/01/2021,10874.77,Sanskrit,WISNER
25,Farrah,Yakutin,fyakutino@berkeley.edu,Female,23/04/2021,54881.36,Bulgarian,SPRING VALLEY
26,Veronika,Saltern,vsalternp@cisco.com,Female,07/12/2018,92970.67,Pushto,Glan-Münchweiler
27,Monte,Gerish,mgerishq@answers.com,Male,08/01/2022,43885.3,Sango,OMAHA
28,Etta,Samways,esamwaysr@theglobeandmail.com,Agender,15/11/2023,32484.44,Turkmen,PARIS
29,Joscelin,Antyukhin,jantyukhins@sourceforge.net,Female,04/03/2025,71247.43,Belarusian,PINE BLUFF
30,Axel,Rosso,arossot@tmall.com,Male,21/07/2018,60780.73,Finnish,HARTFORD
31,Allissa,Celler,acelleru@spiegel.de,Female,01/10/2022,36383.94,Georgian,CLEVELAND
32,Sophie,Yushin,syushinv@slideshare.net,Bigender,12/02/2024,94530.63,French,FARMINGTON
33,Donnajean,Work,dworkw@discovery.com,Female,11/12/2022,92179.01,Herero,WASECA
34,Putnem,McGilvray,pmcgilvrayx@dailymail.co.uk,Male,07/03/2021,98390.49,Irish,MILANO
35,Elenore,Petrenko,epetrenkoy@twitpic.com,Female,13/04/2019,63823.83,Hausa,Demmin
36,Kippy,Coomer,kcoomerz@ustream.tv,Male,14/09/2019,71418.66,Pushto,Augsburg
37,Brandie,Conningham,bconningham10@github.io,Female,02/03/2024,86513.57,Bashkir,INDIANA
38,Peyton,Sinnett,psinnett11@trellian.com,Male,18/03/2023,54876.29,"Ndebele, South",ROMA
39,Olenka,Brister,obrister12@simplemachines.org,Female,23/03/2020,37286.01,Bosnian,Zagreb
40,Brit,MacKonochie,bmackonochie13@soup.io,Male,05/09/2025,63338.29,Central Khmer,MOULTRIE
41,Gaston,Domb,gdomb14@jugem.jp,Male,02/08/2017,33010.23,Urdu,BLUEFIELD
42,Kari,Cordsen,kcordsen15@wikipedia.org,Female,03/10/2023,30033.11,Sichuan Yi,BATESVILLE
43,Terrie,Penddreth,tpenddreth16@hud.gov,Female,20/11/2018,93510.85,Catalan,Dublin
44,Ferdie,Streeten,fstreeten17@uol.com.br,Male,18/03/2021,80141.17,Cornish,LAKEWOOD
45,Crichton,Commander,ccommander18@networksolutions.com,Male,25/07/2025,55509.13,Afrikaans,Laa a.d. Thaya
46,Violet,Claybourne,vclaybourne19@fotki.com,Female,10/10/2021,68531.54,Assamese,VILA-REAL
47,Rhys,Rydings,rrydings1a@berkeley.edu,Male,22/10/2018,62391.62,Luxembourgish,RIVERSIDE
48,Melba,Braidman,mbraidman1b@senate.gov,Female,26/09/2016,54108.1,Polish,Landau in der Pfalz
49,Oliviero,Folkerd,ofolkerd1c@digg.com,Male,29/12/2016,89900.09,Swahili,LUBBOCK
50,Grace,Alenin,galenin1d@yahoo.co.jp,Male,09/03/2018,86447.37,Thai,"Kalbe, Milde"
51,Sianna,Vamplus,svamplus1e@angelfire.com,Female,03/11/2016,74004.85,Sindhi,Orth/Donau
52,Nap,Raspel,nraspel1f@state.tx.us,Male,12/09/2016,34604.01,Italian,MILANO
53,Esme,McClarence,emcclarence1g@ehow.com,Male,31/10/2023,89016.46,Hungarian,PHILLIPSBURG
54,Cherianne,Keymar,ckeymar1h@4shared.com,Female,12/07/2022,37007.52,Volapük,St. Pölten
55,Allister,Breeder,abreeder1i@artisteer.com,Male,28/06/2018,77296.28,Tatar,MOLENA
56,Eloise,Degoix,edegoix1j@smugmug.com,Female,10/01/2022,58440.31,Telugu,Koblenz am Rhein
57,Helsa,Alexandersson,halexandersson1k@nytimes.com,Female,16/08/2022,33261.55,Turkish,MILANO
58,Arthur,Sporle,asporle1l@webnode.com,Male,11/06/2019,55336.36,Avaric,Greding
59,April,Nesbitt,anesbitt1m@trellian.com,Female,12/01/2021,83667.31,Twi,TORINO
60,Alejoa,Muslim,amuslim1n@weather.com,Male,17/02/2015,75351.68,Tsonga,"Petersberg, Kr. Fulda"
61,Jerrilyn,Loggie,jloggie1o@xing.com,Female,03/10/2015,93796.73,Georgian,BOIS GUILLAUME CEDEX
62,Lisa,Stoile,lstoile1p@lycos.com,Female,07/08/2020,10883.18,Kannada,"Hamm, Westf."
63,Hurley,Caps,hcaps1q@plala.or.jp,Male,13/03/2017,84973.65,Amharic,CINCINNATI
64,Benji,Blow,bblow1r@blogger.com,Male,07/09/2024,60397.08,Tatar,ATMORE
65,Bret,Cabbell,bcabbell1s@google.es,Male,03/03/2022,60935.39,Malay,Graz
66,Ilysa,Kield,ikield1t@wsj.com,Female,05/06/2016,85533.98,Abkhazian,ROMA
67,Romain,Mynett,rmynett1u@nature.com,Male,26/02/2019,64469.21,Latin,SAN ANTONIO
68,Ryan,Durnford,rdurnford1v@google.nl,Male,18/10/2021,94874.36,Pushto,Meath
69,Brett,Tebbett,btebbett1w@elegantthemes.com,Female,17/12/2022,52836.34,Yiddish,Karlsruhe
70,Renee,Prover,rprover1x@house.gov,Female,27/06/2019,36219.24,Lao,TURTON
71,Micheal,Howood,mhowood1y@list-manage.com,Male,14/07/2022,98388.61,Guarani,MILANO
72,Damita,Tyrwhitt,dtyrwhitt1z@jalbum.net,Female,12/05/2020,84289.92,"Ndebele, South",JACKSON
73,Tuckie,Coytes,tcoytes20@dot.gov,Male,23/05/2019,68280.4,Gaelic,Merseburg
74,Dalli,Kuhl,dkuhl21@hugedomains.com,Male,11/05/2019,84333.75,Kazakh,PORTLAND
75,Inger,Garratty,igarratty22@eventbrite.com,Male,11/05/2021,71304.63,Amharic,KANSAS CITY
76,Palmer,Phethean,pphethean23@indiatimes.com,Non-binary,03/10/2022,66008.09,Burmese,MILANO
77,Stacey,Kelloway,skelloway24@ocn.ne.jp,Female,22/07/2024,63163.8,Malay,WAYNE
78,Renato,Morphet,rmorphet25@elegantthemes.com,Male,02/04/2024,56771.1,Luxembourgish,PARIS 13
79,Johannah,Graben,jgraben26@baidu.com,Female,11/08/2016,44449.25,Chuvash,Frankfurt am Main
80,Ignacio,Klasing,iklasing27@lycos.com,Male,10/02/2018,53291.34,Samoan,WAYNE
81,Shanna,Morillas,smorillas28@newyorker.com,Female,17/08/2017,83207.38,Kongo,SULLIVAN
82,Sullivan,Stolze,sstolze29@home.pl,Male,31/10/2019,82048.77,Inuktitut,TORINO
83,Nicola,Fuller,nfuller2a@fema.gov,Male,23/01/2024,34914.39,Afar,Kilkenny
84,Porter,Lillywhite,plillywhite2b@state.gov,Male,11/11/2022,67458.1,Ossetian,DALLAS
85,Freddie,Geerdts,fgeerdts2c@businessweek.com,Female,12/10/2024,72668.19,Divehi,MILANO
86,Even,Melburg,emelburg2d@digg.com,Male,28/10/2023,70239.08,Bengali,ALLENDALE
87,See,Deane,sdeane2e@lulu.com,Male,29/06/2016,47294.92,Afrikaans,Grafing bei München
88,Roseline,Praton,rpraton2f@aol.com,Female,08/02/2015,65812.97,Czech,BUCURESTI
89,Dewitt,Cattrall,dcattrall2g@bbb.org,Bigender,24/12/2021,26395.44,Hausa,MIDDLEBURY
90,Merrielle,Hayer,mhayer2h@mit.edu,Female,17/08/2023,97433.43,Basque,Dublin
91,Benny,Kennagh,bkennagh2i@yahoo.com,Agender,18/01/2024,21691.92,Oriya,RUTHER GLEN
92,Barry,Euler,beuler2j@angelfire.com,Male,27/12/2016,34876.72,Kinyarwanda,Oberteuringen
93,Ansley,Stanley,astanley2k@privacy.gov.au,Female,07/02/2015,13535.47,Chinese,Frauenkirchen
94,Cinnamon,Batteson,cbatteson2l@ustream.tv,Female,04/07/2017,46120.12,Chamorro,Schalchen
95,Helga,Dibdin,hdibdin2m@npr.org,Non-binary,28/02/2022,82023.44,Hausa,Frankfurt am Main
96,Tammi,Caurah,tcaurah2n@japanpost.jp,Female,04/10/2020,33237.79,Gujarati,TAMPA
97,Leupold,Bouette,lbouette2o@cisco.com,Male,05/09/2024,35315.88,Danish,Schwarzach
98,Shawna,Denisovich,sdenisovich2p@gizmodo.com,Female,21/04/2023,90916.37,Rundi,LAFAYETTE
99,Gussie,Kemm,gkemm2q@narod.ru,Female,14/03/2017,30235.25,Quechua,LAKEWOOD
100,Lynne,Albinson,lalbinson2r@dailymotion.com,Female,15/05/2018,90122.73,Catalan,BELLVILLE
101,Marissa,Spiaggia,mspiaggia2s@com.com,Female,17/08/2022,59247.69,Lithuanian,"Karlsruhe, Baden"
102,Cyndi,Arnold,carnold2t@theatlantic.com,Female,01/07/2018,33510.08,Kanuri,FRANKFORT
103,Dory,Torr,dtorr2u@naver.com,Female,09/09/2024,18390.96,Norwegian Nynorsk,MILANO
104,Lindsy,Degg,ldegg2v@theguardian.com,Female,28/02/2016,89337.16,Arabic,ONTARIO
105,Sandye,Hast,shast2w@ca.gov,Female,18/06/2016,92118.37,Chichewa,LAKELAND
106,Shane,Caine,scaine2x@ucsd.edu,Male,12/06/2025,97114.59,Malayalam,S GRAVENHAGE
107,Edward,Risborough,erisborough2y@ihg.com,Male,02/06/2025,27848.28,Sichuan Yi,Brussel
108,Shannan,End,send2z@yandex.ru,Male,01/12/2021,71629.89,Afrikaans,Langenmosen
109,Karissa,Myles,kmyles30@sakura.ne.jp,Female,03/10/2017,16834.94,English,Düsseldorf
110,Vyky,Ayto,vayto31@nydailynews.com,Bigender,20/12/2020,71221.4,Ossetian,Vilniaus m. sav. Vilniaus m.
111,Baryram,Shaddock,bshaddock32@vinaora.com,Male,14/08/2022,78884.89,Afrikaans,Linz
112,Jessica,Bavester,jbavester33@google.fr,Female,30/09/2019,89262.49,Tsonga,THREE RIVERS
113,Cristine,Gravie,cgravie34@un.org,Female,10/12/2022,66283.21,Croatian,NEW BRITAIN
114,Tracie,Cox,tcox35@technorati.com,Agender,22/08/2021,23524.89,Luba-Katanga,WADLEY
115,Dewey,Tomovic,dtomovic36@ameblo.jp,Male,05/05/2016,43759.87,Italian,Eberschwang
116,Bevvy,Oulet,boulet37@pbs.org,Female,28/01/2017,12048.7,Shona,Berlin
117,Hiram,Bezemer,hbezemer38@ftc.gov,Male,21/11/2022,53234.12,Belarusian,BELDING
118,Janek,Fidoe,jfidoe39@last.fm,Genderfluid,13/12/2021,58312.7,Kuanyama,Helsinki
119,Conroy,Argo,cargo3a@who.int,Male,17/03/2023,74303.42,Cree,MACERATA
120,Riane,Mundford,rmundford3b@spiegel.de,Female,12/07/2018,11072.45,Gaelic,FORT PAYNE
121,Gar,Zorn,gzorn3c@apache.org,Male,20/06/2016,51333.94,Chechen,KANSAS CITY
122,Marie-jeanne,D'eye,mdeye3d@angelfire.com,Female,06/02/2019,92298.96,Vietnamese,PORTLAND
123,Tiler,Manhood,tmanhood3e@hugedomains.com,Non-binary,15/08/2018,49496.21,Avaric,NANTES
124,Heidi,Wetton,hwetton3f@hud.gov,Female,26/05/2023,50492.19,Telugu,MINNEAPOLIS
125,Normand,Souness,nsouness3g@rediff.com,Male,06/12/2016,86903.13,Kongo,CLARINDA
126,Rahal,Mogey,rmogey3h@businessinsider.com,Female,22/06/2025,37347.07,Serbian,"Hammah, Niederelbe"
127,Daryle,Berkelay,dberkelay3i@phoca.cz,Male,05/12/2016,91388.35,Swahili,TREZEVANT
128,Phelia,Clarage,pclarage3j@linkedin.com,Female,16/02/2018,19036.65,Tibetan,OMAHA
129,Deloria,Ponter,dponter3k@yahoo.co.jp,Bigender,05/11/2025,71752.12,Zulu,FARA VICENTINO
130,Stillman,Bauman,sbauman3l@ask.com,Male,27/05/2025,39772.46,Divehi,TORRANCE
131,Tomlin,Gianetti,tgianetti3m@123-reg.co.uk,Male,10/10/2025,37040.43,Quechua,Haidershofen
132,John,Keaveny,jkeaveny3n@mashable.com,Male,15/12/2019,43652.24,Danish,SEVIERVILLE
133,Maurise,Pingston,mpingston3o@google.co.jp,Male,01/05/2019,76597.41,Twi,Wien
134,Lamar,Babalola,lbabalola3p@ft.com,Male,04/02/2019,67134.88,Esperanto,SUGAR LAND
135,Keven,Parham,kparham3q@slashdot.org,Male,24/01/2025,48113.83,Divehi,Grävenwiesbach
136,Mordy,Stoile,mstoile3r@businessinsider.com,Male,07/05/2016,81408.1,Nauru,HERMITAGE
137,Gabe,Malenoir,gmalenoir3s@behance.net,Male,24/11/2022,95590.84,Central Khmer,MILANO
138,Alene,Somerton,asomerton3t@ifeng.com,Female,18/06/2021,22799.04,Basque,MARIETTA
139,Candi,Pettigrew,cpettigrew3u@kickstarter.com,Female,05/09/2020,68032.37,Ndonga,MILANO
140,Brittni,Aylesbury,baylesbury3v@sciencedirect.com,Female,05/03/2020,87089.71,Bosnian,MONTROUGE CEDEX
141,Ashley,Landall,alandall3w@flickr.com,Female,02/10/2016,18249.96,Persian,SUGAR LAND
142,Georgeanne,Willmot,gwillmot3x@whitehouse.gov,Female,29/05/2019,49332.75,Abkhazian,CIMARRON
143,Neils,Brunner,nbrunner3y@goo.ne.jp,Male,18/10/2022,84278.97,Yiddish,SAN ANTONIO
144,Hamid,Brecknock,hbrecknock3z@usa.gov,Male,27/11/2015,42341.94,Ukrainian,MINNEAPOLIS
145,Petronia,Pocklington,ppocklington40@webs.com,Female,26/07/2016,69426.86,Kinyarwanda,MARIEHAMN
146,Vita,Hlavac,vhlavac41@ucoz.ru,Polygender,10/02/2025,55308.18,Macedonian,München
147,Jaime,Hancke,jhancke42@archive.org,Male,25/10/2019,76217.48,Malay,GRETNA
148,Iorgo,Ketteman,iketteman43@technorati.com,Male,16/11/2019,91707.89,Latin,Rostock
149,Micheil,Polly,mpolly44@delicious.com,Male,29/11/2015,36962.27,Kashmiri,PARIS
150,Janifer,Roycroft,jroycroft45@salon.com,Female,08/03/2018,32734.85,Thai,Holstebro
151,Dorian,Swales,dswales46@tamu.edu,Female,05/04/2019,55520.37,Spanish,LAKEWOOD
152,Gallard,Wraighte,gwraighte47@bloglines.com,Male,13/10/2017,32212.99,Dzongkha,MILANO
153,Micky,Ledson,mledson48@facebook.com,Male,23/01/2023,63968.2,Javanese,ELIZABETHTON
154,Tildi,Thieme,tthieme49@diigo.com,Female,03/11/2023,11642.52,Norwegian Nynorsk,WICHITA
155,Pancho,MacAvaddy,pmacavaddy4a@bloglines.com,Male,20/04/2019,27581.4,Portuguese,LA HARPE
156,Willie,Sapey,wsapey4b@sbwire.com,Male,06/05/2016,99669.02,Chechen,Köln
157,Lorry,Waylett,lwaylett4c@artisteer.com,Male,22/04/2020,85706.84,Avaric,AMSTERDAM
158,Naomi,Abram,nabram4d@skype.com,Female,27/09/2019,70500.71,Shona,SAN ANTONIO
159,Natalee,Le Teve,nleteve4e@salon.com,Female,17/07/2025,82418.31,Romanian,Cork
160,Netta,Cubbin,ncubbin4f@shinystat.com,Female,26/08/2017,37045.53,Zhuang,MEMPHIS
161,Darryl,Schenfisch,dschenfisch4g@bloomberg.com,Female,11/06/2015,13440.07,Marathi,"Langenfeld, Rheinl."
162,Lorettalorna,Gemelli,lgemelli4h@accuweather.com,Genderfluid,25/09/2024,93245.07,Gaelic,MINNEAPOLIS
163,Broderick,Rediers,brediers4i@statcounter.com,Male,03/12/2021,72631.58,Sanskrit,Taastrup
164,Batholomew,Kovnot,bkovnot4j@opera.com,Male,16/02/2018,77462.8,Shona,MIDLAND
165,Howey,Proudler,hproudler4k@deviantart.com,Genderqueer,08/10/2023,14243.98,Macedonian,WATKINS
166,Harlin,Bagott,hbagott4l@sun.com,Male,20/10/2021,94124.59,Avestan,BIRMINGHAM
167,Kermit,Chappel,kchappel4m@woothemes.com,Non-binary,04/01/2025,53223.88,Igbo,Linz
168,Anna-diana,Lowdyane,alowdyane4n@dropbox.com,Agender,16/10/2021,94248.52,Norwegian Nynorsk,ONTARIO
169,Ned,Sayton,nsayton4o@e-recht24.de,Male,27/12/2016,90706.39,Albanian,Schwaz
170,Arnoldo,Yakovl,ayakovl4p@abc.net.au,Agender,13/05/2015,16461.76,Cornish,CARTHAGE
171,Ninon,Wankel,nwankel4q@macromedia.com,Female,19/12/2021,87361.7,Kazakh,Altenkunstadt
172,Otis,Trengrouse,otrengrouse4r@buzzfeed.com,Genderqueer,05/10/2018,39212.5,Belarusian,HERMITAGE
173,Celestyna,Hallibone,challibone4s@foxnews.com,Female,26/04/2025,25100.01,Sango,HENRICO
174,Joe,Rycroft,jrycroft4t@woothemes.com,Male,04/01/2025,60435.97,Kirghiz,PARIS 02
175,Jody,Pache,jpache4u@ameblo.jp,Male,06/03/2019,12976.41,Sichuan Yi,Schlüchtern
176,Joly,Phillipp,jphillipp4v@intel.com,Female,30/03/2024,73867.36,Catalan,Heubach
177,Shawn,Castri,scastri4w@flickr.com,Female,26/02/2015,56440.07,Tagalog,MILANO
178,Paddy,Giacobillo,pgiacobillo4x@simplemachines.org,Male,30/10/2024,50846.44,Tswana,ARDMORE
179,Scot,Sicha,ssicha4y@soundcloud.com,Male,23/12/2022,28167.23,Sindhi,Immenstadt i. Allgäu
180,Waring,Langstone,wlangstone4z@npr.org,Male,15/07/2015,41139.61,Venda,ALEXANDRIA
181,Anselma,MacKartan,amackartan50@google.com.au,Female,05/11/2022,31536.87,Bulgarian,CIVIDALE DEL FRIULI
182,Steward,Bulbrook,sbulbrook51@list-manage.com,Male,06/06/2021,16208.09,Romanian,GRAHAM
183,Valene,Missen,vmissen52@freewebs.com,Female,29/09/2022,14777.07,Kirghiz,ST. PAUL
184,Gram,Normavell,gnormavell53@yale.edu,Male,08/04/2023,95902.95,Haitian,Hellerup
185,Madelene,Semmens,msemmens54@g.co,Female,06/03/2020,78326.1,Yiddish,HELSINKI
186,Web,Toretta,wtoretta55@gravatar.com,Male,13/05/2021,56282.23,Panjabi,TUPELO
187,Elena,Mordanti,emordanti56@g.co,Female,18/02/2023,15429.51,Icelandic,CINCINNATI
188,Evin,Nenci,enenci57@moonfruit.com,Non-binary,14/06/2023,41544.94,Fulah,PARIS 13
189,Kearney,Fant,kfant58@virginia.edu,Male,27/10/2018,93339.13,Kikuyu,LAKEWOOD
190,Martica,O'Clery,moclery59@yellowpages.com,Genderqueer,09/07/2017,22639.92,Georgian,Baden-Baden
191,Carmel,Nelsen,cnelsen5a@blogspot.com,Female,07/02/2018,73090.66,Bulgarian,PARIS 09
192,Brendon,Stonner,bstonner5b@buzzfeed.com,Male,24/04/2018,11272.47,Armenian,Wilhermsdorf
193,Ardath,Sancto,asancto5c@cafepress.com,Female,12/10/2019,28800.77,Yoruba,MEMPHIS
194,Port,Tiley,ptiley5d@amazon.com,Male,07/07/2016,17608.06,Kazakh,PITTSBURGH
195,Randolf,Springle,rspringle5e@dagondesign.com,Male,21/02/2025,95500.32,Afar,ITASCA
196,Gigi,Bruggen,gbruggen5f@ning.com,Female,26/05/2015,56371.77,Interlingua (International Auxiliary Language Association),LIMOGES CEDEX
197,Cecily,Burges,cburges5g@mail.ru,Female,01/05/2016,64616.64,Javanese,Wien
198,Gauthier,Weatherhead,gweatherhead5h@omniture.com,Male,23/12/2020,46334.86,Chuvash,UVALDE
199,Jeth,Hessle,jhessle5i@cornell.edu,Male,25/08/2016,86596.96,Sinhala,HELSINKI
200,Dion,Sturzaker,dsturzaker5j@phpbb.com,Female,02/02/2024,83044.0,Tigrinya,ROMA
201,Carlee,Segrave,csegrave5k@harvard.edu,Female,21/08/2023,64198.82,Bulgarian,ALBANY
202,Annadiana,Blues,ablues5l@europa.eu,Female,25/08/2022,10163.66,Zulu,CONWAY
203,Ely,Porritt,eporritt5m@uol.com.br,Male,22/02/2023,99561.38,Kazakh,Bergisch Gladbach
204,Dede,Sherwyn,dsherwyn5n@blinklist.com,Female,01/01/2015,19830.25,Hiri Motu,ALEXANDRIA
205,Teodoor,Kmiec,tkmiec5o@fc2.com,Male,01/06/2015,66405.53,Sanskrit,WYOMING
206,Gratia,Elverston,gelverston5p@google.nl,Non-binary,14/11/2016,33559.61,Tatar,MINNEAPOLIS
207,Dasie,Waison,dwaison5q@goodreads.com,Female,03/12/2017,46264.73,Malayalam,Hiltenfingen
208,Mike,Glowacz,mglowacz5r@hao123.com,Male,22/05/2023,57903.36,Herero,Antwerpen
209,Ynez,Dumingos,ydumingos5s@myspace.com,Female,18/08/2021,53102.02,Inupiaq,LUXEMBOURG
210,Sarine,Dunkerly,sdunkerly5t@4shared.com,Female,24/06/2020,65462.47,Lao,Braunlage
211,Alison,Gentzsch,agentzsch5u@tinypic.com,Female,23/02/2021,13277.26,Inuktitut,AUBURN
212,Beverley,Macewan,bmacewan5v@google.ca,Female,12/06/2020,63810.04,"Ndebele, North",HENRICO
213,Darelle,Bickardike,dbickardike5w@4shared.com,Female,23/08/2015,28650.02,Sindhi,SPOKANE
214,Myles,Standing,mstanding5x@huffingtonpost.com,Male,06/02/2023,99375.17,Ojibwa,ROMA
215,Joya,Leyburn,jleyburn5y@cam.ac.uk,Female,18/06/2018,98259.37,Kashmiri,Warszawa
216,Jarred,Fowgies,jfowgies5z@cloudflare.com,Male,04/02/2017,16272.68,Kuanyama,Saterland
217,Sharron,McConnal,smcconnal60@weebly.com,Female,06/11/2015,74331.54,Kinyarwanda,ALEXANDRIA
218,Jason,Ellerker,jellerker61@photobucket.com,Genderfluid,30/07/2025,28758.03,"Ndebele, South",LINCOLN
219,Donetta,Gimson,dgimson62@scientificamerican.com,Female,08/05/2025,18351.58,Kashmiri,Erfurt
220,Pammie,Justis,pjustis63@joomla.org,Female,26/08/2020,60497.62,Hausa,RICHMOND
221,Jess,Draycott,jdraycott64@google.com,Male,05/05/2023,99816.72,Ukrainian,"Aurich, Ostfriesland"
222,Giulio,Klimas,gklimas65@msn.com,Male,21/11/2022,75959.58,Croatian,BLUEFIELD
223,Tressa,Kornilyev,tkornilyev66@wsj.com,Female,08/01/2015,83967.94,Azerbaijani,ALBANY
224,Rachele,Laughton,rlaughton67@blinklist.com,Female,17/04/2021,11558.52,Faroese,ALGINET
225,Enrica,Gumbley,egumbley68@auda.org.au,Bigender,28/03/2022,32668.32,Marshallese,NAPERVILLE
226,Ellissa,Castelletti,ecastelletti69@cafepress.com,Female,01/10/2019,24287.03,Xhosa,GRANT
227,Arabella,Margerrison,amargerrison6a@yellowbook.com,Female,27/02/2023,33397.03,Tamil,MILANO
228,Abbi,Rowlands,arowlands6b@t-online.de,Female,03/01/2018,16988.7,Spanish,"Eching, Niederbay."
229,Tandy,Dightham,tdightham6c@psu.edu,Female,01/10/2017,14254.63,Tigrinya,PITTSBURGH
230,Sybille,De Bruyne,sdebruyne6d@sitemeter.com,Female,01/02/2015,86116.37,Turkish,MILANO
231,Matthew,Grzeszczak,mgrzeszczak6e@ca.gov,Male,29/09/2022,13558.7,Portuguese,PORTLAND
232,Thia,Franzelini,tfranzelini6f@army.mil,Female,12/12/2022,57564.95,Breton,Dublin
233,Kaycee,Gulliver,kgulliver6g@tamu.edu,Female,08/01/2016,88819.06,Dutch,LAKEWOOD
234,Barthel,Skitch,bskitch6h@diigo.com,Polygender,14/06/2018,75940.65,Afar,Saarlouis
235,Curtis,Blais,cblais6i@exblog.jp,Male,30/09/2025,90415.26,Swedish,Limerick
236,Nomi,Appleton,nappleton6j@macromedia.com,Female,28/10/2017,73361.85,Bengali,MIDLAND
237,Arch,Ruprechter,aruprechter6k@virginia.edu,Male,12/09/2020,87437.32,Sichuan Yi,PITTSBURGH
238,Bryn,McKeurton,bmckeurton6l@europa.eu,Male,31/12/2017,81284.25,Kanuri,LIVINGSTON
239,Darrick,Dysart,ddysart6m@netvibes.com,Male,25/12/2022,16909.36,"Ndebele, North",DAVID CITY
240,Marc,Shay,mshay6n@ifeng.com,Male,22/07/2021,68560.87,Sango,Zwoleń
241,Orelle,Bergstrand,obergstrand6o@wikispaces.com,Female,13/04/2021,78540.06,Tajik,Weiden i.d.OPf..
242,Cassius,Gieraths,cgieraths6p@tinypic.com,Male,28/05/2022,22396.02,Finnish,RICHMOND
243,Sibby,Taffurelli,staffurelli6q@bbb.org,Female,08/01/2020,57870.99,Sundanese,LUXEMBOURG
244,Vivia,Tabor,vtabor6r@joomla.org,Female,14/07/2018,26860.91,Sardinian,WILSON
245,Cam,Crosfield,ccrosfield6s@google.com.au,Male,17/03/2020,89084.2,Japanese,Judenburg
246,Ketty,Oret,koret6t@storify.com,Polygender,24/05/2016,89457.72,Lithuanian,Galway
247,Latrena,Burnand,lburnand6u@creativecommons.org,Female,26/04/2025,72694.64,Chechen,ROSEMEAD
248,Mandie,Manvelle,mmanvelle6v@globo.com,Female,21/01/2022,18762.24,Tswana,PITTSBURGH
249,Stormy,Verdon,sverdon6w@virginia.edu,Female,26/08/2022,49950.07,Fijian,MILANO
250,Hymie,Garbett,hgarbett6x@europa.eu,Male,29/06/2019,31740.54,Chechen,ODESSA
251,Gideon,Honeywood,ghoneywood6y@mozilla.com,Male,23/08/2017,13643.58,Uighur,MILANO
252,Glynis,Maskall,gmaskall6z@intel.com,Female,08/08/2022,82926.25,Hindi,Weißkirchen an der Traun
253,Eyde,Belham,ebelham70@nyu.edu,Female,30/03/2019,74647.64,Burmese,Mannheim
254,Dame,Serridge,dserridge71@theglobeandmail.com,Male,11/03/2016,88916.87,Tagalog,Dublin
255,Iain,Iffland,iiffland72@homestead.com,Male,11/01/2025,69676.63,Sundanese,SAN JUAN
256,Amerigo,Tremouille,atremouille73@canalblog.com,Male,25/01/2017,34099.11,Slovenian,JACKSON
257,Catherin,Beebis,cbeebis74@addtoany.com,Female,29/05/2020,94770.66,Bosnian,LAPPEENRANTA
258,Ariel,Gilardoni,agilardoni75@cnn.com,Polygender,24/07/2015,52997.78,Assamese,HERMITAGE
259,Tommie,Cadding,tcadding76@shop-pro.jp,Male,09/12/2018,84625.43,Navajo,VANNES CEDEX 9
260,Sapphira,Swaile,sswaile77@wikispaces.com,Female,01/03/2020,40194.91,Slovak,Dublin
261,Galven,Annesley,gannesley78@mysql.com,Male,02/11/2019,45863.93,Lingala,MILANO
262,Kaja,Dourin,kdourin79@thetimes.co.uk,Female,15/11/2024,83846.21,Hiri Motu,TUPELO
263,Bartholomeo,Orman,borman7a@marriott.com,Male,14/03/2016,41876.16,Chechen,EL MONTE
264,Kelly,Bickley,kbickley7b@adobe.com,Male,05/08/2019,16285.07,Nepali,Valencia
265,Traver,Flann,tflann7c@pagesperso-orange.fr,Male,29/08/2016,81294.14,Venda,Absdorf
266,Jeralee,Goutcher,jgoutcher7d@cam.ac.uk,Female,24/09/2021,55185.37,Inupiaq,SOMERSET
267,Gabriela,Ottee,gottee7e@hubpages.com,Female,18/05/2021,32069.12,Somali,Berlin
268,Tabb,Gordge,tgordge7f@bbc.co.uk,Male,07/04/2017,20822.35,Urdu,Frankfurt am Main
269,Dick,Ablott,dablott7g@businesswire.com,Male,07/11/2024,18215.25,Tajik,CLERMONT FERRAND
270,Jennee,Hexam,jhexam7h@tripod.com,Female,20/09/2015,59825.99,Tajik,ROMA
271,Evvy,Cuddon,ecuddon7i@cafepress.com,Female,14/11/2015,47264.38,German,ATLANTA
272,Rollins,Scarth,rscarth7j@abc.net.au,Male,06/03/2019,12455.61,Breton,MILANO
273,Corie,Studholme,cstudholme7k@usnews.com,Female,19/03/2019,13102.02,Lithuanian,NAPERVILLE
274,Renado,Vivers,rvivers7l@fc2.com,Male,28/08/2025,57386.94,Volapük,ALEXANDRIA
275,Mercedes,Rimes,mrimes7m@a8.net,Female,19/04/2024,12731.79,Lao,ST. PAUL
276,Hal,McPhaden,hmcphaden7n@over-blog.com,Male,01/09/2018,23415.66,Aragonese,PITTSBURGH
277,Perice,Milstead,pmilstead7o@youku.com,Male,24/12/2022,72579.26,Telugu,Schopfheim
278,Oralia,Crowley,ocrowley7p@feedburner.com,Female,24/07/2024,50407.15,Danish,ATLANTA
279,Hughie,Hammond,hhammond7q@nationalgeographic.com,Male,04/04/2023,46589.81,Zhuang,Hamburg
280,Conchita,Szwandt,cszwandt7r@stumbleupon.com,Female,26/09/2018,79085.75,Haitian,"Mosbach, Baden"
281,Jarrid,Nield,jnield7s@rediff.com,Male,10/10/2021,20592.89,Indonesian,MILANO
282,Isadora,Redmond,iredmond7t@dailymotion.com,Polygender,02/12/2018,19593.73,Manx,MILANO
283,Kurtis,Bridie,kbridie7u@va.gov,Male,19/03/2016,13188.09,Kashmiri,GLADSTONE
284,Daffi,Assiter,dassiter7v@google.it,Agender,16/09/2023,29751.6,"Bokmål, Norwegian",CINCINNATI
285,Staffard,Gruszczak,sgruszczak7w@bluehost.com,Male,22/01/2016,19226.95,Kanuri,ITASCA
286,Gaultiero,Smail,gsmail7x@addtoany.com,Male,27/05/2016,76320.17,Ukrainian,TILBURG
287,Noble,Dadd,ndadd7y@apple.com,Male,29/08/2016,30508.21,Latvian,DIJON CEDEX
288,Linoel,Diaper,ldiaper7z@reddit.com,Male,10/07/2022,25845.58,Maori,OMAHA
289,Hirsch,Cator,hcator80@tuttocitta.it,Male,27/09/2018,25248.06,Tswana,CONWAY
290,Zolly,Beardsall,zbeardsall81@columbia.edu,Non-binary,07/04/2017,32028.94,Russian,Frankfurt am Main
291,Trey,Coller,tcoller82@last.fm,Male,30/11/2015,39315.99,Manx,"Hoya, Weser"
292,Whit,Duffree,wduffree83@so-net.ne.jp,Male,13/07/2020,77756.5,Assamese,CONWAY
293,Jordon,Rawsen,jrawsen84@webnode.com,Male,27/12/2020,94734.46,Faroese,Antwerpen
294,Ella,McKimmie,emckimmie85@npr.org,Female,01/07/2015,47268.02,Nepali,Donnerskirchen
295,Ailbert,Ruffler,aruffler86@meetup.com,Agender,12/11/2017,79363.29,Catalan,OMAHA
296,Minne,Bulle,mbulle87@businessinsider.com,Female,05/03/2015,86497.34,Manx,Frankfurt am Main
297,Shaylyn,Decaze,sdecaze88@stumbleupon.com,Female,19/11/2022,83008.65,Turkmen,Kildare
298,Maribeth,Lanceley,mlanceley89@drupal.org,Female,04/12/2019,34460.05,"Greek, Modern (1453-)",Frankfurt am Main
299,Roxy,Gredden,rgredden8a@admin.ch,Female,19/03/2020,61632.79,Bashkir,Antwerpen
300,Gerti,Hing,ghing8b@godaddy.com,Female,05/10/2016,41924.73,Tonga (Tonga Islands),KANSAS CITY
301,Garth,Demaine,gdemaine8c@phoca.cz,Male,08/01/2020,81318.7,Volapük,"Hamm, Westf"
302,Nadiya,Snowling,nsnowling8d@google.pl,Female,07/04/2015,29383.67,Oromo,MILANO
303,Gerhard,Skewes,gskewes8e@youtube.com,Male,25/12/2017,95847.71,Tsonga,GORDON
304,Ali,Offer,aoffer8f@cam.ac.uk,Female,18/01/2022,24471.53,Gaelic,LYNN
305,Dolorita,Peepall,dpeepall8g@e-recht24.de,Female,18/06/2023,29234.5,Tamil,FLETCHER
306,Janeen,Kinane,jkinane8h@icio.us,Female,27/07/2019,28972.08,Zulu,CINCINNATI
307,Roxanna,McDonand,rmcdonand8i@jugem.jp,Female,07/09/2015,22791.77,Marshallese,"Lübbecke, Westf."
308,Land,Gauthorpp,lgauthorpp8j@devhub.com,Male,02/10/2022,12439.35,Estonian,Donegal
309,Gerrard,Yair,gyair8k@shutterfly.com,Male,16/03/2021,52715.45,Indonesian,CINCINNATI
310,Farris,Mecozzi,fmecozzi8l@indiegogo.com,Male,29/12/2015,28090.53,Sindhi,VINAROS
311,Timothee,Chatan,tchatan8m@thetimes.co.uk,Male,23/11/2016,75326.49,Malay,Salzburg
312,Kaitlynn,Dregan,kdregan8n@cam.ac.uk,Female,12/11/2015,73697.48,Luxembourgish,HERMITAGE
313,Lyell,Braiden,lbraiden8o@springer.com,Male,17/05/2018,38060.0,Breton,SEALY
314,Bruno,Parradice,bparradice8p@elpais.com,Male,09/04/2021,15387.98,Bambara,BLUEFIELD
315,Keeley,Burkman,kburkman8q@ucsd.edu,Female,31/12/2020,12978.72,Fijian,Antwerpen
316,Bertha,Scannell,bscannell8r@redcross.org,Female,21/09/2019,87186.18,Gujarati,LAJATICO
317,Agace,Antonchik,aantonchik8s@nature.com,Agender,07/05/2019,76079.87,Arabic,Porto
318,Mikel,Marques,mmarques8t@qq.com,Male,22/03/2024,60623.08,"Greek, Modern (1453-)",MILANO
319,Daphne,Duinbleton,dduinbleton8u@pinterest.com,Agender,22/04/2020,70494.74,Samoan,RICHMOND
320,Monah,Minor,mminor8v@bloomberg.com,Female,09/11/2020,92575.37,Chuvash,AMSTERDAM
321,Christos,Lanfer,clanfer8w@dot.gov,Male,08/03/2020,65334.99,Lithuanian,MINNEAPOLIS
322,Gavin,Downe,gdowne8x@google.pl,Male,10/09/2019,26392.17,Nepali,LEWISTON
323,Lonny,Rosenshine,lrosenshine8y@aol.com,Male,17/04/2025,13886.78,Western Frisian,TAMPA
324,Desiri,Kinzel,dkinzel8z@diigo.com,Female,23/03/2018,63955.27,Kanuri,ST. PAUL
325,Sammie,Frick,sfrick90@360.cn,Male,30/09/2023,49787.34,"Ndebele, South",TUPELO
326,Irma,Flanders,iflanders91@sakura.ne.jp,Female,18/03/2025,13498.89,Persian,Karlsruhe
327,Granny,Park,gpark92@jalbum.net,Male,08/04/2021,74983.82,Cree,"Ascheberg, Westf"
328,Dannye,Bearcock,dbearcock93@opensource.org,Female,27/02/2020,40219.41,Yoruba,PANA
329,Rheba,Whitely,rwhitely94@whitehouse.gov,Female,17/01/2020,71930.52,Tahitian,ALBANY
330,Benni,Malling,bmalling95@amazon.co.jp,Female,22/03/2016,81722.96,Russian,Kerry
331,Dennison,Tome,dtome96@usatoday.com,Male,11/09/2015,62702.12,Esperanto,LUXEMBOURG
332,Abey,Stares,astares97@youku.com,Male,07/04/2016,46811.42,Ossetian,AMSTERDAM
333,Dianemarie,Moine,dmoine98@hubpages.com,Female,26/10/2016,72115.45,Albanian,BEN WHEELER
334,Cointon,Chern,cchern99@desdev.cn,Male,11/03/2020,38913.0,Tonga (Tonga Islands),LENA
335,Damita,Piercey,dpiercey9a@prweb.com,Female,22/02/2022,75637.7,Turkmen,SPOKANE VALLEY
336,Vernon,Camlin,vcamlin9b@desdev.cn,Male,24/02/2022,69543.56,Afar,"Traunstein, Oberbayern"
337,Auroora,Cocksedge,acocksedge9c@paginegialle.it,Female,14/10/2015,86697.49,Hungarian,NEWARK
338,Lucas,Lorey,llorey9d@howstuffworks.com,Male,10/01/2018,84528.02,Kannada,WISNER
339,Rafaelita,McClurg,rmcclurg9e@etsy.com,Female,22/07/2021,77702.81,Kalaallisut,JACKSON
340,Josey,Drane,jdrane9f@cloudflare.com,Female,09/04/2021,33970.91,Afar,RICHMOND
341,Laina,Winkell,lwinkell9g@cam.ac.uk,Female,31/10/2022,37872.93,Luba-Katanga,Aichach a d Paar
342,Ilario,Estcot,iestcot9h@apple.com,Non-binary,21/06/2018,63065.94,Persian,NAPERVILLEL
343,Maudie,Burgett,mburgett9i@cnn.com,Female,15/04/2023,24128.66,Shona,MILANO
344,Ailyn,Renshell,arenshell9j@mozilla.org,Female,20/03/2024,61439.86,Chechen,Budapest 13. ker.
345,Sergio,Marien,smarien9k@dedecms.com,Bigender,05/10/2021,31834.29,Haitian,MILANO
346,Olwen,Blethyn,oblethyn9l@mozilla.com,Female,18/02/2015,23074.03,Abkhazian,AMSTERDAM
347,Mohandis,Abella,mabella9m@netscape.com,Male,17/05/2022,84133.81,Azerbaijani,CHAMBERY CEDEX
348,Charlotta,Binding,cbinding9n@thetimes.co.uk,Agender,27/02/2023,21349.55,Venda,PARIS 13
349,Nester,Twining,ntwining9o@cnn.com,Genderqueer,17/05/2024,16226.57,Uzbek,"Heiden, Kr. Borken, Westfalen"
350,Uri,Oller,uoller9p@printfriendly.com,Male,20/12/2021,74385.77,Afrikaans,RICHMOND
351,Abraham,Bushill,abushill9q@va.gov,Male,30/05/2023,18450.27,Inuktitut,Korbach
352,Dave,Schwandermann,dschwandermann9r@sohu.com,Male,03/04/2019,13490.68,Breton,TAS-SLIEMA
353,Caro,Brealey,cbrealey9s@nyu.edu,Female,07/08/2018,49387.68,Vietnamese,Wiener Neustadt
354,Eudora,Buxsy,ebuxsy9t@webeden.co.uk,Female,29/09/2018,63944.03,"Sotho, Southern",GLENWOOD
355,Dee dee,Buzzing,dbuzzing9u@google.ru,Female,23/09/2017,18909.82,Gujarati,PITTSBURGH
356,Dee,Mearns,dmearns9v@usda.gov,Female,22/11/2015,73225.55,Limburgan,SAN ANTONIO
357,Lesli,Bavridge,lbavridge9w@merriam-webster.com,Female,24/12/2024,89756.91,Esperanto,UTRECHT
358,Jeanne,Keddy,jkeddy9x@bloglovin.com,Female,31/12/2016,57405.52,Kongo,ST PAUL
359,Sanders,Lartice,slartice9y@twitpic.com,Male,01/06/2020,69906.21,"Greek, Modern (1453-)",LUXEMBOURG
360,Iggie,Shepherdson,ishepherdson9z@slideshare.net,Male,11/05/2020,46136.52,"Sotho, Southern",Cork
361,Gerhardine,Cullinan,gcullinana0@intel.com,Female,16/05/2023,35240.33,Divehi,NAPERVILLE
362,Garnette,Rehn,grehna1@tiny.cc,Female,07/05/2020,89317.21,Central Khmer,Feldkirch
363,Roxie,Boughen,rboughena2@symantec.com,Female,18/01/2021,13828.69,Amharic,Saarbrücken
364,Charlotte,Bonnyson,cbonnysona3@mit.edu,Female,09/08/2025,80781.61,Czech,FAIRFAX
365,Bucky,Powis,bpowisa4@desdev.cn,Male,09/04/2019,71614.62,Lithuanian,KANSAS CITY
366,Rogerio,Rudyard,rrudyarda5@cpanel.net,Male,03/06/2016,13790.97,Luba-Katanga,"Eschborn, Taunus"
367,Cad,Hellyer,chellyera6@cyberchimps.com,Male,29/10/2016,99635.29,Oromo,MILANO
368,Bordy,Geraudel,bgeraudela7@microsoft.com,Male,22/09/2015,99767.81,Catalan,Fürstenfeld
369,Koressa,Landeaux,klandeauxa8@rakuten.co.jp,Female,04/01/2020,55712.81,Latin,RICHMOND
370,Brent,Philippault,bphilippaulta9@youku.com,Bigender,07/04/2021,81409.65,Shona,Bürstadt
371,Gail,Zouch,gzouchaa@auda.org.au,Male,26/11/2021,69769.73,Malay,Adelebsen
372,Gusella,Getch,ggetchab@whitehouse.gov,Female,15/12/2019,59589.43,Welsh,PARIS CEDEX08
373,Cello,Moynham,cmoynhamac@reuters.com,Male,09/08/2024,23450.64,Maori,AMHERST
374,Kile,Ivantsov,kivantsovad@com.com,Male,30/03/2021,70734.21,"Ndebele, South",MILANO
375,Amy,Cricket,acricketae@wix.com,Female,20/01/2016,32802.16,Western Frisian,ASHLAND
376,Bernelle,Tax,btaxaf@java.com,Genderqueer,18/09/2020,48180.25,Kuanyama,NAPERVILLE
377,Moreen,Grim,mgrimag@ed.gov,Female,05/12/2023,62653.91,Church Slavic,ROMA
378,Elyn,Richold,ericholdah@google.es,Female,16/09/2021,87048.91,Chichewa,TROY
379,Winston,Froude,wfroudeai@1688.com,Male,10/02/2024,60405.02,Ido,MILANO
380,Zsazsa,Girodias,zgirodiasaj@odnoklassniki.ru,Female,13/05/2022,21926.3,Basque,MILANO
381,Vincents,Carolan,vcarolanak@biblegateway.com,Male,17/03/2023,38479.44,Central Khmer,Uelzen
382,Henrietta,Crowcroft,hcrowcroftal@yandex.ru,Female,24/01/2025,10831.43,Indonesian,Cork
383,Cordie,McInulty,cmcinultyam@weebly.com,Female,09/04/2023,53735.03,Avestan,BASTROP
384,Rosalinde,Breede,rbreedean@w3.org,Genderqueer,28/01/2025,48023.89,Occitan (post 1500),Kranj
385,Katrina,Boldero,kbolderoao@deliciousdays.com,Female,29/12/2016,78704.32,Ganda,Buttenwiesen
386,Gardener,Gregorio,ggregorioap@wordpress.org,Male,23/03/2021,60795.85,Catalan,Erftstadt
387,Ava,Gewer,ageweraq@geocities.jp,Female,22/10/2021,65052.66,Hiri Motu,Hardegsen
388,Shanon,McIan,smcianar@bloglovin.com,Female,16/12/2021,28113.67,Albanian,Antwerpen
389,Maison,Flucker,mfluckeras@huffingtonpost.com,Male,08/04/2025,71513.26,Abkhazian,HICKMAN
390,Tristan,Saffin,tsaffinat@tuttocitta.it,Male,02/06/2020,36332.78,French,ENGLEWOOD CLIFFS
391,Arty,Fairham,afairhamau@reference.com,Male,11/01/2025,32255.57,Fijian,NICHOLASVILLE
392,Boris,Leversuch,bleversuchav@columbia.edu,Male,17/07/2021,53759.82,Lao,Nordhorn
393,Hyacinthia,Sebert,hsebertaw@example.com,Female,17/07/2022,62705.59,Ojibwa,MORGANTOWN
394,Tiphanie,Meaking,tmeakingax@newyorker.com,Female,12/11/2023,15942.25,Lingala,BETXI
395,Emalia,Caldeyroux,ecaldeyrouxay@ycombinator.com,Female,19/08/2017,69613.22,Armenian,PITTSBURGH
396,Turner,Ipsgrave,tipsgraveaz@yandex.ru,Male,02/10/2021,72795.26,Gaelic,BYRDSTOWN
397,Dedie,Gligorijevic,dgligorijevicb0@go.com,Female,03/12/2016,76920.54,Finnish,Antwerpen
398,Florian,Infantino,finfantinob1@cisco.com,Male,23/04/2021,82507.5,Kongo,LAFAYETTE
399,Salvatore,Rowberry,srowberryb2@themeforest.net,Male,23/08/2024,62787.88,Ndonga,Prenzlau
400,Olwen,Craigg,ocraiggb3@flickr.com,Female,30/04/2024,28403.31,Tatar,Bad Homburg v d Höhe
401,Nicol,Bowering,nboweringb4@wordpress.org,Male,24/11/2024,43417.08,German,SULLIVAN
402,Clea,Follows,cfollowsb5@weibo.com,Female,14/01/2020,47282.42,Bulgarian,OVIEDO
403,Mariejeanne,Rosenbaum,mrosenbaumb6@nydailynews.com,Female,05/07/2025,41057.55,Sichuan Yi,TORINO
404,Loy,Balam,lbalamb7@rediff.com,Male,15/04/2017,69368.56,Portuguese,KIOWA
405,Harper,Ianetti,hianettib8@webeden.co.uk,Male,27/07/2017,47083.95,Telugu,HOT SPRINGS
406,Kienan,Coney,kconeyb9@ebay.com,Male,17/07/2023,98186.88,Malayalam,MILANO
407,Tymon,Thrussell,tthrussellba@google.com.au,Male,28/05/2025,68162.82,Turkmen,Antwerpen
408,Rahal,Sturney,rsturneybb@princeton.edu,Female,20/04/2022,44249.97,Turkish,DOWNEY
409,Chen,Bridgement,cbridgementbc@time.com,Male,19/05/2021,98640.2,Twi,YORK
410,Perla,Rimes,primesbd@amazon.com,Female,24/09/2015,62380.13,Tswana,ATLANTA
411,Inge,Brasted,ibrastedbe@i2i.jp,Female,29/10/2018,89562.81,Shona,NOVA PONENTE-DEUTSCHNOFEN
412,Archambault,Gothliff,agothliffbf@bing.com,Male,16/03/2016,70379.12,Swedish,Bratislava
413,Kristofer,Jojic,kjojicbg@delicious.com,Male,12/05/2018,74495.78,Akan,MINNEAPOLIS
414,Bennett,Dwyer,bdwyerbh@livejournal.com,Male,12/11/2023,87235.87,Chuvash,SPOKANE
415,Andris,Foker,afokerbi@homestead.com,Male,20/12/2015,63843.27,Korean,München
416,Pavla,Falconer-Taylor,pfalconertaylorbj@indiegogo.com,Female,06/08/2017,21560.34,Slovenian,ROMA
417,Findlay,McChesney,fmcchesneybk@infoseek.co.jp,Male,28/02/2021,74598.23,Occitan (post 1500),BOSCOBEL
418,Rheba,Fieldgate,rfieldgatebl@ted.com,Genderqueer,16/11/2020,62640.27,Komi,ROCKPORT
419,Jaime,Brereton,jbreretonbm@youtube.com,Male,03/02/2020,12049.12,Portuguese,"Pfaffenhausen, Schwaben"
420,Lorry,Instock,linstockbn@symantec.com,Male,14/10/2017,73618.57,Marshallese,"Nürnberg, Mittelfr"
421,Nester,Bruneton,nbrunetonbo@addthis.com,Male,04/12/2024,17140.7,Icelandic,Dublin
422,Chantalle,McElhargy,cmcelhargybp@wordpress.org,Female,16/04/2025,86408.21,Walloon,Antwerpen
423,Padraic,Milverton,pmilvertonbq@qq.com,Male,21/03/2022,81169.92,Rundi,BEEMER
424,Brigida,Grovier,bgrovierbr@people.com.cn,Female,02/07/2023,42400.29,Burmese,Neuhofen an der Krems
425,Benjie,Palfree,bpalfreebs@trellian.com,Male,23/12/2021,80764.57,Zulu,"Hattingen, Ruhr"
426,Ruperta,Veldstra,rveldstrabt@cam.ac.uk,Female,11/03/2020,64062.0,Nauru,NAPERVILLE
427,Christalle,Gillard,cgillardbu@elpais.com,Female,07/07/2025,99973.32,Belarusian,Viechtach
428,Anna,Goatman,agoatmanbv@eepurl.com,Female,07/11/2017,32766.45,Gaelic,NAPERVILLE
429,Lara,Doret,ldoretbw@businessinsider.com,Female,03/12/2018,33833.66,Herero,RICHMOND
430,Norbert,Palfrie,npalfriebx@ning.com,Male,03/07/2020,58165.74,Manx,Antwerpen
431,Llewellyn,Doldon,ldoldonby@scribd.com,Bigender,30/04/2018,66555.4,Indonesian,"Hamm, Westf."
432,Corri,Calway,ccalwaybz@feedburner.com,Female,19/01/2018,52006.67,Venda,Welzheim
433,Morey,Ferroli,mferrolic0@yahoo.com,Male,15/05/2017,84534.25,Romansh,ROCK VALLEY
434,Vikky,Durban,vdurbanc1@jigsy.com,Genderfluid,27/12/2024,95337.78,Bosnian,Prenzlau
435,George,Bettanay,gbettanayc2@netvibes.com,Male,04/10/2021,16165.33,Indonesian,FREDERICKSBURG
436,Ainsley,de Zamora,adezamorac3@taobao.com,Female,11/01/2015,72722.51,Faroese,BURNET
437,Brier,Lesek,blesekc4@aol.com,Female,31/08/2018,17407.54,Japanese,NEENAH
438,Kaye,Christmas,kchristmasc5@discuz.net,Female,20/08/2015,82468.98,Catalan,Regensburg
439,Crystie,Dessent,cdessentc6@is.gd,Female,04/06/2017,13986.85,Icelandic,MILANO
440,Johnath,Spurdon,jspurdonc7@economist.com,Genderqueer,21/02/2024,82206.76,Japanese,MILANO
441,Lou,Casale,lcasalec8@statcounter.com,Agender,13/02/2022,14080.33,Avestan,Melsungen
442,Joela,Kaines,jkainesc9@paginegialle.it,Female,11/11/2019,71993.45,Walloon,TUPELO
443,Tracey,Maycock,tmaycockca@icq.com,Agender,12/04/2022,22963.16,Telugu,Stockholm
444,Veriee,Goodman,vgoodmancb@fema.gov,Female,12/11/2024,80891.48,Bashkir,Wuppertal
445,Bengt,Moodycliffe,bmoodycliffecc@ycombinator.com,Male,10/01/2020,44885.0,Lithuanian,PANAMA CITY
446,Aundrea,Sweating,asweatingcd@vimeo.com,Female,16/09/2021,37280.7,Kalaallisut,SAN ANTONIO
447,Darius,Heining,dheiningce@slideshare.net,Non-binary,18/07/2019,99493.91,Basque,PERPIGNAN CEDEX
448,Gerianne,Carlton,gcarltoncf@intel.com,Female,21/12/2015,60258.05,Marathi,MILANO
449,Isaak,Hasty,ihastycg@gmpg.org,Male,01/11/2022,83880.56,Kannada,FT LAUDERDALE
450,Reilly,Peidro,rpeidroch@ucoz.ru,Male,29/08/2018,86533.7,Norwegian,TAMPA
451,Lucine,Maw,lmawci@dailymotion.com,Female,02/01/2017,18592.42,Chechen,MILANO
452,Ody,Yokley,oyokleycj@privacy.gov.au,Male,09/12/2021,55313.85,Igbo,ROMA
453,Omero,Elsegood,oelsegoodck@hugedomains.com,Male,15/10/2016,25602.7,Uzbek,SPOKANE VALLEY
454,Faina,Ambrogi,fambrogicl@soundcloud.com,Female,29/11/2021,80327.32,Romanian,Budapest
455,Blaine,Struttman,bstruttmancm@cpanel.net,Male,31/05/2015,63026.13,Lingala,RYE
456,Killian,Megson,kmegsoncn@weather.com,Male,19/02/2023,49385.98,Arabic,Leipzig
457,Tedd,Sante,tsanteco@mysql.com,Male,22/02/2025,59296.21,Swati,LAFAYETTE
458,Aldo,Burns,aburnscp@jalbum.net,Male,28/09/2023,53730.17,Ndonga,Nottuln
459,Heall,Hender,hhendercq@sbwire.com,Male,23/04/2015,71910.94,Occitan (post 1500),Radenthein
460,Kathryn,Fraulo,kfraulocr@tripadvisor.com,Female,16/03/2023,56879.2,Church Slavic,MONACO
461,Phil,Yersin,pyersincs@arizona.edu,Male,02/02/2023,12872.62,Maori,MORGANTOWN
462,Tonnie,Cleevely,tcleevelyct@spotify.com,Male,19/07/2019,75750.26,Tonga (Tonga Islands),JUNCTION
463,Cal,Belliss,cbellisscu@eventbrite.com,Female,11/10/2022,78730.36,Chamorro,Deutschlandsberg
464,Tracie,Dearlove,tdearlovecv@aol.com,Female,11/08/2025,76031.32,Malay,"Neustadt, Wied"
465,Ogden,Tireman,otiremancw@jiathis.com,Male,25/08/2015,13486.86,German,Berlin
466,Loreen,Overall,loverallcx@jugem.jp,Female,13/06/2021,30595.31,Guarani,VALENCIA
467,Julietta,Burborough,jburboroughcy@sogou.com,Non-binary,09/10/2018,50458.52,Cornish,PITTSBURGH
468,Timmie,Doget,tdogetcz@wp.com,Female,23/03/2020,55005.76,Kirghiz,MILANO
469,Even,Ruperto,erupertod0@nasa.gov,Male,01/05/2015,50786.78,Volapük,LUXEMBOURG
470,Georgi,Carlson,gcarlsond1@pbs.org,Male,12/03/2021,94886.1,Swati,Kössen
471,Phillipe,Marquis,pmarquisd2@miibeian.gov.cn,Male,31/01/2019,93417.25,Nauru,MCGREGOR
472,Zandra,Tapton,ztaptond3@nhs.uk,Female,28/09/2022,49749.89,Sindhi,Dublin
473,Skelly,Branchflower,sbranchflowerd4@phpbb.com,Male,13/04/2024,51127.89,Bislama,ANDRIA
474,Raynard,Shulem,rshulemd5@woothemes.com,Non-binary,01/03/2016,95161.41,"Greek, Modern (1453-)",ROSEMONT
475,Berkie,Zavattero,bzavatterod6@prweb.com,Male,15/02/2021,75579.65,Maltese,SAN DIEGO
476,Mattheus,Snowdon,msnowdond7@devhub.com,Male,22/03/2017,61332.24,Tsonga,Praha 6
477,Tamqrah,Landy,tlandyd8@indiatimes.com,Female,22/06/2022,30150.32,Indonesian,NEWARK
478,Dominique,Taft,dtaftd9@tamu.edu,Male,02/03/2018,82406.15,Aragonese,Potsdam
479,Rockwell,Hundall,rhundallda@acquirethisname.com,Male,03/05/2020,54507.7,Vietnamese,NEW BRITAIN
480,Ursuline,Samme,usammedb@slashdot.org,Female,08/05/2024,20945.96,Latin,SAN DIEGO
481,Amanda,Dewen,adewendc@google.cn,Female,10/11/2018,36966.19,Kirghiz,Braunau am Inn
482,Martie,Margram,mmargramdd@army.mil,Male,12/10/2023,99397.98,Tonga (Tonga Islands),ADAMUZ
483,Kelley,Rolland,krollandde@cocolog-nifty.com,Female,05/07/2020,70966.66,Danish,St. Veit an der Glan
484,Sylvan,Lennarde,slennardedf@sourceforge.net,Male,22/07/2015,97619.01,Chinese,Bad Abbach
485,Amory,Sobczak,asobczakdg@examiner.com,Male,30/01/2019,21191.15,Mongolian,WALHALLA
486,Jere,Flobert,jflobertdh@cbslocal.com,Polygender,30/12/2022,57197.77,Icelandic,TORINO
487,Trstram,Paler,tpalerdi@weather.com,Male,09/12/2024,95061.75,Slovenian,MADRID
488,Max,Ranyell,mranyelldj@i2i.jp,Male,27/09/2018,64092.91,Swati,Düsseldorf
489,Erskine,Wehner,ewehnerdk@zimbio.com,Male,26/05/2024,51514.44,Kirghiz,MILANO
490,Mick,Platts,mplattsdl@last.fm,Male,30/11/2021,22048.27,Zulu,MILANO
491,Gavrielle,Nangle,gnangledm@independent.co.uk,Female,06/02/2022,58825.98,Uighur,ONTARIO
492,Griffith,Gritskov,ggritskovdn@slashdot.org,Male,27/08/2022,16892.32,Sanskrit,LAKEWOOD
493,Davin,Di Filippo,ddifilippodo@timesonline.co.uk,Male,17/11/2022,14094.12,Ido,CORPUS CHRISTI
494,Burr,Halegarth,bhalegarthdp@google.de,Male,15/05/2024,37166.46,Tswana,CHICAGO
495,Felipa,Vasilov,fvasilovdq@mapy.cz,Female,22/08/2019,24715.45,Russian,ALCOBENDAS
496,Godfry,Romaine,gromainedr@hibu.com,Polygender,03/02/2022,61886.58,Albanian,BOONEVILLE
497,Allie,Pharro,apharrods@sitemeter.com,Female,05/03/2023,74669.8,Aymara,Weil am Rhein
498,Vernor,Teeney,vteeneydt@cbsnews.com,Male,18/03/2021,20563.76,Uzbek,ITASCA
499,Tabbatha,Daveran,tdaverandu@about.com,Female,10/02/2022,76376.36,Basque,MILANO
500,Kristal,Gorce,kgorcedv@com.com,Female,21/10/2023,84462.87,Welsh,BIRMINGHAM
501,Deeyn,Smithson,dsmithsondw@hubpages.com,Non-binary,12/01/2024,32403.39,Venda,BIRMINGHAM
502,Meryl,Cavozzi,mcavozzidx@uol.com.br,Female,10/01/2020,18293.87,Japanese,EAST LANSING
503,Stephie,Sellar,ssellardy@desdev.cn,Agender,19/03/2022,75255.57,Sundanese,Cork
504,Carce,Inger,cingerdz@bloglovin.com,Male,22/05/2020,67869.16,Pali,St. Marein im Mürztal
505,Marcie,Drawmer,mdrawmere0@wordpress.com,Female,24/04/2024,19169.65,Luxembourgish,NEWTON
506,Raimund,Hugues,rhuguese1@163.com,Male,23/03/2017,51898.12,Polish,CLEVELAND
507,Charmine,Rowbury,crowburye2@exblog.jp,Female,15/06/2016,54666.23,Panjabi,"Hattingen, Ruhr"
508,Nickolaus,Zini,nzinie3@simplemachines.org,Non-binary,06/09/2016,30738.37,Manx,MILFORD
509,Cristian,Zelake,czelakee4@netvibes.com,Non-binary,19/03/2020,39409.99,Guarani,CINCINNATI
510,Herve,Le Noury,hlenourye5@marketwatch.com,Male,24/04/2015,67156.1,Hungarian,MEMPHIS
511,Baron,Connew,bconnewe6@blogger.com,Male,08/10/2017,19669.67,Assamese,SAN DIEGO
512,Jose,Legge,jleggee7@pagesperso-orange.fr,Male,17/10/2018,26089.05,Luba-Katanga,CHANUTE
513,Vincent,Abramovitz,vabramovitze8@salon.com,Male,16/06/2025,28856.05,Somali,SUGAR LAND
514,Will,Batty,wbattye9@parallels.com,Male,06/07/2020,94335.29,Esperanto,HARTSVILLE
515,Murdock,Chapelle,mchapelleea@yahoo.com,Male,28/05/2018,90366.47,Russian,Oschersleben (Bode)
516,Clari,Keaton,ckeatoneb@bloglovin.com,Female,13/02/2018,41300.24,Dzongkha,Dublin
517,Anna,Eastbury,aeastburyec@hubpages.com,Female,08/09/2016,69643.0,Indonesian,Frankfurt am Main
518,Daron,Thumim,dthumimed@deliciousdays.com,Male,17/02/2017,79171.03,Zulu,ROMA
519,Eleni,Littley,elittleyee@dell.com,Female,01/10/2015,76098.79,Inupiaq,HAYWARD
520,Sosanna,Palatino,spalatinoef@wsj.com,Female,27/10/2022,12582.47,Tonga (Tonga Islands),CROCKETT
521,Avie,Pilfold,apilfoldeg@taobao.com,Female,11/12/2016,59510.74,Maltese,Obergünzburg
522,Sofie,Grushin,sgrushineh@disqus.com,Female,02/01/2022,13160.96,Marathi,Unterschleißheim
523,Morgan,Vasiliev,mvasilievei@dagondesign.com,Male,01/09/2022,66934.81,Gaelic,Dillenburg
524,Giacopo,Dawbury,gdawburyej@samsung.com,Male,24/01/2022,49517.57,Hebrew,Sprockhövel
525,Zacherie,Dimitrov,zdimitrovek@furl.net,Male,21/12/2019,66923.8,Turkmen,Wermelskirchen
526,Andeee,Bellas,abellasel@msn.com,Female,27/05/2023,54405.86,Swedish,Feldatal
527,Sterne,Shilstone,sshilstoneem@smh.com.au,Male,26/07/2017,16399.03,Hungarian,Kapfenberg
528,Verne,Wickman,vwickmanen@yellowpages.com,Male,26/04/2023,50711.16,Kannada,BAENA
529,Sonni,Grinov,sgrinoveo@behance.net,Female,14/04/2015,35575.07,Occitan (post 1500),CINCINNATI
530,Templeton,Brewse,tbrewseep@printfriendly.com,Male,18/01/2016,83506.46,Interlingua (International Auxiliary Language Association),PITTSBURGH
531,Leslie,Smewing,lsmewingeq@microsoft.com,Male,19/02/2025,56611.95,Finnish,EDINA
532,Grant,Saw,gsawer@aol.com,Male,14/12/2015,54638.64,Cornish,Warszawa
533,Anna-maria,Scurfield,ascurfieldes@seattletimes.com,Female,14/02/2021,82667.53,Basque,PARIS 12
534,Waite,Bilbey,wbilbeyet@paypal.com,Male,27/08/2016,34715.21,Lao,Göppingen
535,Alwin,Stodhart,astodharteu@businessinsider.com,Male,22/07/2015,38656.98,Latin,Bad Dürkheim
536,Adorne,Hammonds,ahammondsev@zdnet.com,Female,29/11/2021,46407.13,Ewe,RAWLINS
537,Vilhelmina,Llewelyn,vllewelynew@people.com.cn,Female,21/07/2020,18563.11,Bashkir,RIVERSIDE
538,Laverna,Tummond,ltummondex@google.cn,Female,12/11/2017,53016.92,Kongo,MILANO
539,Ole,Hamel,ohameley@tinypic.com,Male,28/07/2016,54921.69,Haitian,COLOGNO AL SERIO
540,Wallache,Coupland,wcouplandez@discuz.net,Male,16/04/2025,23976.26,Albanian,OMAHA
541,Reeba,Fardy,rfardyf0@51.la,Female,22/05/2022,83087.67,Church Slavic,MILANO
542,Farris,Caldeiro,fcaldeirof1@1688.com,Male,21/01/2023,21013.83,Chamorro,Gramastetten
543,Antonin,Brixham,abrixhamf2@tinypic.com,Male,19/06/2025,40225.97,Tibetan,BELDING
544,Malina,Coghlin,mcoghlinf3@csmonitor.com,Female,30/07/2015,21541.96,Ewe,Luxembourg
545,Gale,Livingstone,glivingstonef4@cbslocal.com,Female,28/05/2017,88925.14,Latvian,Frankfurt am Main
546,Fanechka,Deverille,fdeverillef5@dyndns.org,Female,12/07/2015,80599.09,Turkish,Olbernhau
547,Tara,Ruslen,truslenf6@irs.gov,Female,06/11/2023,12552.38,Uighur,CANTON
548,Muhammad,O'Sesnane,mosesnanef7@simplemachines.org,Male,16/12/2017,82479.17,Somali,MIDDLETON
549,Lilyan,Flagg,lflaggf8@washingtonpost.com,Female,23/01/2018,92431.1,Walloon,MEDORA
550,Giorgio,Rudham,grudhamf9@yahoo.co.jp,Male,11/04/2017,68279.5,Inuktitut,ALLENDALE
551,Elfreda,O'Suaird,eosuairdfa@printfriendly.com,Female,23/08/2023,83535.84,Romanian,PARIS 13
552,Jaynell,Simeone,jsimeonefb@cargocollective.com,Female,24/07/2022,89108.98,Bengali,AMHERST
553,Tallie,Reaveley,treaveleyfc@slideshare.net,Male,07/12/2018,42845.51,Yoruba,"Gladbeck, Westf."
554,Perle,Walster,pwalsterfd@cnet.com,Female,19/01/2021,57748.79,Abkhazian,ALBANY
555,Raf,Kaming,rkamingfe@freewebs.com,Female,14/03/2016,14799.18,Slovak,Berlin
556,Claire,Harbar,charbarff@tinypic.com,Agender,16/09/2024,28900.83,Burmese,Wien
557,Calley,Cranston,ccranstonfg@wufoo.com,Female,08/09/2019,47908.34,"Greek, Modern (1453-)","Büdingen, Hess"
558,Christian,Blackstone,cblackstonefh@hibu.com,Female,19/09/2015,63968.63,Somali,CARLSBAD
559,Piotr,Helwig,phelwigfi@flavors.me,Male,21/04/2022,65684.18,Tonga (Tonga Islands),"Roth, Mittelfr."
560,Mandel,Brandli,mbrandlifj@cnn.com,Polygender,16/01/2025,95887.99,Pali,MILANO
561,Dexter,Bewick,dbewickfk@craigslist.org,Male,11/12/2018,44054.5,Dutch,NEOSHO
562,Leese,Normavill,lnormavillfl@hp.com,Female,26/01/2021,24186.47,Tamil,INDIANA
563,Shana,Slegg,ssleggfm@examiner.com,Female,02/08/2025,42512.21,Kikuyu,Rhauderfehn
564,Dyan,Kencott,dkencottfn@theglobeandmail.com,Female,08/03/2016,73891.1,Navajo,München
565,Maxie,Janikowski,mjanikowskifo@skype.com,Female,04/06/2020,81599.77,Sanskrit,"Augsburg, Bay"
566,Nico,De Haven,ndehavenfp@tiny.cc,Male,12/01/2025,49385.51,Central Khmer,BUCURESTI
567,Patrizio,Beake,pbeakefq@oaic.gov.au,Male,12/11/2020,84591.74,Danish,RIVERSIDE
568,Albrecht,O'Neil,aoneilfr@nsw.gov.au,Male,09/09/2018,18311.14,Venda,MILANO
569,Hedy,Huffa,hhuffafs@usatoday.com,Female,14/03/2015,48035.3,Herero,CINCINNATI
570,Hartley,Chappell,hchappellft@upenn.edu,Male,12/06/2021,94280.1,Gujarati,ST. PAUL
571,Elke,Wearn,ewearnfu@weibo.com,Female,19/02/2025,51527.48,Navajo,LAFAYETTE
572,Belita,Matis,bmatisfv@clickbank.net,Genderfluid,07/08/2015,58302.85,French,Antwerpen
573,Algernon,Gittus,agittusfw@princeton.edu,Male,16/11/2022,49016.36,Kongo,LUXEMBOURG
574,Malina,Ovitz,movitzfx@blogtalkradio.com,Female,05/12/2019,54641.74,Mongolian,MILANO
575,Fanny,Purbrick,fpurbrickfy@hatena.ne.jp,Female,07/12/2018,62923.72,Inupiaq,CORINTH
576,Britt,Ginnally,bginnallyfz@gravatar.com,Male,15/07/2019,93463.66,"Greek, Modern (1453-)",MILANO
577,Agna,Bartrap,abartrapg0@domainmarket.com,Female,29/01/2016,69077.44,Kashmiri,MILANO
578,Fielding,Fitt,ffittg1@chron.com,Male,25/11/2024,71517.91,Afar,RYE
579,Sarge,Tredger,stredgerg2@patch.com,Male,20/06/2023,42175.71,Urdu,Antwerpen
580,Ricard,Radke,rradkeg3@typepad.com,Male,03/11/2022,24511.62,Ganda,SUGAR LAND
581,Van,Deyenhardt,vdeyenhardtg4@prlog.org,Male,27/08/2025,58565.14,Luba-Katanga,Wals bei Salzburg
582,Tamar,Tomlins,ttomlinsg5@biblegateway.com,Female,05/04/2018,54442.3,Bislama,Dillingen a.d. Donau
583,Maurizio,Colbron,mcolbrong6@infoseek.co.jp,Male,14/10/2018,17198.77,Korean,MUSCATINE
584,Baudoin,Heyburn,bheyburng7@forbes.com,Genderfluid,30/05/2025,80430.05,Maltese,"Reischach, Kr Altötting"
585,Adair,Omrod,aomrodg8@usatoday.com,Male,30/12/2018,15927.13,Breton,NAPERVILLE
586,Winni,Norgate,wnorgateg9@hugedomains.com,Female,28/01/2018,62627.75,Akan,PITTSBURGH
587,Josepha,Moens,jmoensga@intel.com,Female,06/08/2024,23786.13,Lithuanian,JUNCTION
588,Barnett,Pauls,bpaulsgb@myspace.com,Male,06/12/2019,87666.12,Norwegian Nynorsk,RICHMOND
589,Miller,Alcide,malcidegc@examiner.com,Male,29/12/2024,10719.01,Zhuang,Strzyżów
590,Jere,Aggett,jaggettgd@delicious.com,Male,04/09/2015,13614.9,Corsican,Ramsau im Zillertal
591,Horton,Bellwood,hbellwoodge@nytimes.com,Male,26/01/2018,50898.66,Romansh,PARIS 12
592,Jeffy,Lownsbrough,jlownsbroughgf@jugem.jp,Male,30/07/2021,12118.05,Gujarati,LIBERAL
593,Marge,Eastam,meastamgg@furl.net,Female,04/07/2019,99848.77,Maori,Clare
594,Kaylee,Cohane,kcohanegh@xing.com,Female,23/01/2021,37806.06,Malayalam,Dublin
595,Chloette,Cream,ccreamgi@rediff.com,Genderqueer,05/05/2023,31132.57,Komi,PALESTRINA
596,Hamel,Traynor,htraynorgj@senate.gov,Male,30/03/2024,64348.55,English,Dublin
597,Fielding,Potteridge,fpotteridgegk@upenn.edu,Male,30/05/2017,48400.67,Ganda,Hagelstadt
598,Christoffer,Aldrich,caldrichgl@woothemes.com,Male,01/07/2024,26610.32,Quechua,SAN JUAN
599,Damita,Spaight,dspaightgm@canalblog.com,Female,05/02/2017,28918.68,Zhuang,KANSAS CITY
600,Mitch,Austen,maustengn@github.io,Male,11/02/2022,69300.45,Pushto,HENRICO
601,Helga,Alenikov,halenikovgo@engadget.com,Female,10/08/2018,21651.28,Limburgan,GREENSBURG
602,Carly,Docket,cdocketgp@cyberchimps.com,Bigender,08/07/2021,98575.0,Aymara,Hannover
603,Amelia,Meffin,ameffingq@intel.com,Female,11/06/2025,92724.81,Tahitian,Wolfach
604,Casey,Balme,cbalmegr@sfgate.com,Female,30/12/2023,18678.35,Central Khmer,MILANO
605,Rockwell,Dreng,rdrenggs@usatoday.com,Genderqueer,28/10/2021,61977.19,Yiddish,ALTANTA
606,Frederick,Ingledew,fingledewgt@a8.net,Male,29/02/2016,32738.8,Ojibwa,ST ETIENNE
607,Athene,Brayford,abrayfordgu@bandcamp.com,Female,07/03/2018,41599.28,Sinhala,Marburg
608,Darius,MacNockater,dmacnockatergv@mapquest.com,Male,02/03/2015,41462.78,Albanian,Paço de Arcos
609,Corissa,McVee,cmcveegw@technorati.com,Female,21/03/2016,49017.93,Sinhala,Staßfurt
610,Joaquin,Latchmore,jlatchmoregx@nsw.gov.au,Male,07/03/2023,63991.49,Slovenian,Meßstetten
611,Gretna,Burdge,gburdgegy@yellowbook.com,Female,28/10/2025,54393.42,Basque,KANSAS CITY
612,Georgena,McVicar,gmcvicargz@studiopress.com,Female,08/02/2024,41503.89,Sinhala,Künzelsau
613,Regan,Swabey,rswabeyh0@bing.com,Male,09/12/2021,72193.03,"Greek, Modern (1453-)",LEXINGTON
614,Leandra,Train,ltrainh1@statcounter.com,Female,01/04/2015,58983.68,Turkish,NEWCASTLE
615,Blinny,Meritt,bmeritth2@nsw.gov.au,Female,13/07/2019,31374.51,Azerbaijani,Frankfurt am Main
616,Troy,Baytrop,tbaytroph3@virginia.edu,Male,10/08/2019,30945.53,Romanian,NORTH CHGO
617,Dorie,Hauger,dhaugerh4@cbslocal.com,Female,01/12/2019,77522.39,Basque,BIRMINGHAM
618,Bernadene,Jennens,bjennensh5@globo.com,Female,27/02/2020,99003.74,Ewe,KANSAS CITY
619,Almeria,Pargeter,apargeterh6@wikispaces.com,Female,11/01/2024,49980.34,Ndonga,SPOKANE
620,Max,Bidgood,mbidgoodh7@flickr.com,Non-binary,24/09/2017,13249.96,Sindhi,POITIERS CEDEX
621,Clyde,Uccello,cuccelloh8@google.com.hk,Male,28/07/2019,74826.63,Sardinian,Wien
622,Hale,Tabourel,htabourelh9@photobucket.com,Male,27/07/2020,74961.69,Sundanese,Riezlern
623,Josiah,O'Gorman,jogormanha@prweb.com,Bigender,02/07/2017,80120.17,Maori,NORTH MANKATO
624,Katerina,MacLese,kmaclesehb@squarespace.com,Female,25/11/2022,48679.37,Central Khmer,Oberwart
625,Solomon,Kalker,skalkerhc@canalblog.com,Male,11/08/2021,46184.36,Occitan (post 1500),NORTH CHGO
626,Vernon,McDoual,vmcdoualhd@earthlink.net,Male,03/03/2021,90581.53,Latvian,LOS ANGELES
627,Myrtia,Renzini,mrenzinihe@disqus.com,Genderqueer,27/10/2021,42974.26,Turkish,Sligo
628,Kristy,Itzakovitz,kitzakovitzhf@elegantthemes.com,Female,01/02/2020,70526.6,German,PLEASANT HILL
629,Antonie,Kerswell,akerswellhg@uol.com.br,Female,19/07/2025,48836.38,Lingala,AMSTERDAM
630,Thorndike,Risborough,trisboroughhh@quantcast.com,Male,17/08/2023,25158.67,Catalan,BUFFALO
631,Nonna,Fullicks,nfullickshi@ask.com,Female,17/11/2018,66666.11,Cornish,WILSON
632,Brocky,ffrench Beytagh,bffrenchbeytaghhj@purevolume.com,Male,18/01/2024,17580.76,Inuktitut,DURHAM
633,Leupold,Stovine,lstovinehk@cbc.ca,Male,13/03/2022,56564.05,Maltese,Großgmain
634,Tybi,Karlmann,tkarlmannhl@fotki.com,Female,09/07/2019,14898.2,Pali,Groß Gerungs
635,Murial,Philippeaux,mphilippeauxhm@list-manage.com,Non-binary,12/06/2018,19724.89,Ossetian,Wien
636,Betsey,Aucock,baucockhn@oakley.com,Female,04/04/2021,28593.41,Afrikaans,Teisendorf
637,Derwin,Corkish,dcorkishho@163.com,Male,17/06/2017,63796.82,Bosnian,Antwerpen
638,Jodi,Adamec,jadamechp@dell.com,Male,13/04/2020,69996.86,English,OCALA
639,Lonee,Strainge,lstraingehq@netlog.com,Female,17/11/2016,36982.56,Somali,HENRICO
640,Dimitry,Morrice,dmorricehr@youtube.com,Male,21/03/2018,68588.49,Finnish,BIRMINGHAM
641,Lucais,Hicks,lhickshs@indiatimes.com,Male,22/01/2023,66847.92,Maori,KENYON
642,Arthur,Tims,atimsht@google.cn,Male,04/03/2021,16692.62,Hindi,Köln
643,Trix,Dovington,tdovingtonhu@google.co.uk,Female,08/11/2021,52690.41,Estonian,ROSEMONT
644,Harv,Saye,hsayehv@sogou.com,Male,10/12/2020,94785.39,Latin,Bad Berleburg
645,Dani,Lewisham,dlewishamhw@t.co,Female,18/01/2020,12362.19,Interlingue,NORTH MANKATO
646,Brenda,Kydde,bkyddehx@exblog.jp,Female,09/06/2023,46637.72,Sinhala,ALBANY
647,Garwin,Longo,glongohy@deliciousdays.com,Male,06/12/2018,84782.3,Esperanto,TOMAH
648,Carree,Sneezum,csneezumhz@webeden.co.uk,Agender,20/05/2021,53317.72,Bambara,WESTVILLE
649,Elton,Kamena,ekamenai0@google.de,Genderqueer,26/07/2022,86366.25,Irish,NATURNO-NATURNS
650,Zach,Worrell,zworrelli1@histats.com,Polygender,04/12/2022,26946.58,Slovenian,RICHMOND
651,Ase,Greim,agreimi2@cocolog-nifty.com,Male,07/10/2021,82503.96,Ndonga,Straß
652,Gasparo,Marlowe,gmarlowei3@bigcartel.com,Male,18/06/2024,74011.77,Turkish,Schwechat
653,Daphne,Cometti,dcomettii4@naver.com,Female,24/04/2019,52531.09,Portuguese,MARIETTA
654,Devonne,Eldin,deldini5@bloglovin.com,Female,08/03/2016,69894.58,Kannada,MILANO
655,Xaviera,Olekhov,xolekhovi6@home.pl,Female,04/01/2017,97539.78,Interlingua (International Auxiliary Language Association),HERMITAGE
656,Cissiee,Yosifov,cyosifovi7@foxnews.com,Polygender,29/07/2020,35909.01,Ewe,Antwerpen
657,Zuzana,Ganley,zganleyi8@examiner.com,Female,17/03/2017,87191.5,Turkmen,TUPELO
658,Sloane,Timpany,stimpanyi9@spiegel.de,Male,29/09/2023,57514.47,Aragonese,"Dietersheim, Mittelfr."
659,Price,Allbrook,pallbrookia@google.fr,Male,13/06/2018,11838.66,Bambara,COLUMBUS
660,Cassaundra,Caron,ccaronib@bbc.co.uk,Female,22/05/2015,44131.66,Avaric,Wolfhagen
661,Carma,Persicke,cpersickeic@discovery.com,Female,03/02/2019,80643.29,Russian,LOS ANGELES
662,Ewell,Petri,epetriid@go.com,Bigender,09/02/2015,11911.55,Wolof,ELDORADO
663,Briana,Drewery,bdreweryie@stumbleupon.com,Female,29/12/2019,21029.33,Turkish,RICHMOND
664,Lorine,Simonnot,lsimonnotif@wikipedia.org,Female,22/01/2018,83040.48,Pushto,"Seligenstadt, Hess"
665,Corry,Hawkslee,chawksleeig@ow.ly,Female,15/07/2025,94203.98,Walloon,GRETNA
666,Moise,Piesold,mpiesoldih@hatena.ne.jp,Male,29/09/2016,41906.92,Hungarian,LAFAYETTE
667,Ewen,Betho,ebethoii@ed.gov,Male,12/05/2017,54465.53,Tagalog,MINNEAPOLIS
668,Chariot,Knotte,cknotteij@reuters.com,Male,12/03/2022,77647.83,Wolof,MACON
669,Dulsea,Louthe,dloutheik@walmart.com,Female,20/04/2025,36953.87,Oriya,FRANKFORT
670,Zulema,Yelland,zyellandil@bbb.org,Genderqueer,18/03/2015,55778.75,Slovenian,MILANO
671,Clarine,Craker,ccrakerim@com.com,Female,10/06/2024,93784.86,"Ndebele, South",STARKVILLE
672,Clim,Avo,cavoin@mapquest.com,Male,01/06/2023,40688.53,Bengali,OKLAHOMA CITY
673,Cynde,Frisel,cfriselio@bloglines.com,Female,09/09/2023,99949.66,Cornish,FARGO
674,Kennie,McKain,kmckainip@taobao.com,Male,15/11/2015,18877.26,Xhosa,Längenfeld
675,Deny,Weinberg,dweinbergiq@taobao.com,Female,09/03/2024,64063.81,Danish,BURNET
676,Brandais,Andreucci,bandreucciir@ehow.com,Female,21/03/2021,82331.4,Wolof,RICHMOND
677,Hillel,Cuningham,hcuninghamis@alexa.com,Male,13/08/2020,54187.67,Uzbek,RICHMOND
678,Ansel,Imason,aimasonit@cbc.ca,Male,13/07/2015,91720.61,Avestan,CAÑETE DE LAS TORRES
679,Kennan,Kale,kkaleiu@biglobe.ne.jp,Male,06/10/2015,72159.35,German,N. CHAS
680,Forster,Dungay,fdungayiv@delicious.com,Male,20/03/2020,48564.78,Aragonese,GRACEVILLE
681,Sascha,Trolley,strolleyiw@mail.ru,Male,11/03/2025,88567.08,Sinhala,Bad Dürkheim
682,Dermot,Bott,dbottix@booking.com,Male,15/11/2015,92835.37,Kanuri,Wartberg an der Krems
683,Paul,Jagoe,pjagoeiy@slashdot.org,Agender,07/04/2019,72989.73,Luba-Katanga,"Dornburg, Westerw."
684,Brocky,MacKnocker,bmacknockeriz@nsw.gov.au,Male,07/12/2017,94151.2,Venda,MILANO
685,Austina,Lehrahan,alehrahanj0@addtoany.com,Female,25/07/2019,75259.46,Samoan,CHANTILLY
686,Nerti,Haldene,nhaldenej1@tinyurl.com,Female,30/05/2018,93063.58,Aymara,GREAT BEND
687,Gerrie,Fluit,gfluitj2@dailymail.co.uk,Male,27/11/2025,65582.61,Telugu,LUXEMBOURG
688,Lowe,Balfre,lbalfrej3@samsung.com,Male,11/07/2024,23210.22,Italian,Varaždin
689,Esteban,Leech,eleechj4@people.com.cn,Male,17/12/2021,60604.47,Gaelic,KIOWA
690,Nat,Maggorini,nmaggorinij5@indiatimes.com,Female,03/07/2015,66646.1,Komi,FITZGERALD
691,Mallory,Sabban,msabbanj6@networkadvertising.org,Male,03/03/2022,69496.91,Hebrew,PAXTON
692,Ricard,Codi,rcodij7@yellowbook.com,Male,08/08/2018,47078.63,Quechua,SUGAR LAND
693,Elset,Foard,efoardj8@google.com.br,Female,22/01/2024,43099.97,Norwegian Nynorsk,Gelnhausen
694,Heidie,Knibb,hknibbj9@odnoklassniki.ru,Female,29/06/2022,60524.45,Northern Sami,Frankfurt am Main
695,Maximilian,Capper,mcapperja@tamu.edu,Male,17/03/2025,18200.76,Ndonga,HERMITAGE
696,Conn,Steinhammer,csteinhammerjb@arstechnica.com,Male,24/07/2022,42285.83,Tagalog,HENRICO
697,Wyatt,Ramiro,wramirojc@hao123.com,Male,18/03/2022,82062.53,Fijian,MILANO
698,Ernie,Rounsefull,erounsefulljd@yolasite.com,Male,14/06/2025,16247.35,Polish,MEMPHIS
699,Leoline,Hindshaw,lhindshawje@arstechnica.com,Female,06/05/2023,36820.0,Samoan,ALBANY
700,Domenic,Serfati,dserfatijf@wordpress.org,Male,13/05/2020,23771.27,Gujarati,MONTROUGE CEDEX
701,Doug,MacMickan,dmacmickanjg@1688.com,Agender,11/03/2024,83699.9,Western Frisian,TORINO
702,Mil,Fairpool,mfairpooljh@psu.edu,Bigender,28/09/2020,14255.05,Vietnamese,VANNES CEDEX 9
703,Julian,Reiner,jreinerji@hostgator.com,Male,11/03/2022,53130.45,Sinhala,BIRMINGHAM
704,Obie,Francescuccio,ofrancescucciojj@umn.edu,Male,17/07/2017,17811.82,Malayalam,"Haag, Oberbay."
705,Rana,Craney,rcraneyjk@paypal.com,Female,10/02/2021,98718.99,Hebrew,WILSON
706,Romona,Oldroyde,roldroydejl@qq.com,Female,28/10/2018,88512.97,Assamese,TORINO
707,Gladys,Kleeborn,gkleebornjm@cloudflare.com,Female,13/10/2022,27412.81,Assamese,ROMA
708,Aggi,Volker,avolkerjn@unesco.org,Female,29/07/2019,21766.33,Zhuang,Dublin
709,Denice,Moar,dmoarjo@networksolutions.com,Female,25/04/2022,60790.24,Georgian,Graz
710,Ragnar,Grichukhin,rgrichukhinjp@taobao.com,Male,16/10/2020,42618.55,Portuguese,Wildeshausen
711,Constanta,Drysdale,cdrysdalejq@aboutads.info,Female,15/09/2022,19167.42,Galician,MANCHESTER
712,Fletch,Elcoux,felcouxjr@sciencedaily.com,Male,18/12/2024,48343.96,Faroese,Gent
713,Mei,Threadgill,mthreadgilljs@moonfruit.com,Female,08/09/2023,33249.96,Italian,AMHERST
714,Kingston,Gwinnell,kgwinnelljt@bloglines.com,Male,22/06/2015,74687.74,Uighur,Antwerpen
715,Daryl,Voysey,dvoyseyju@slashdot.org,Female,25/07/2021,98834.49,Cornish,Pasłęk
716,Ursa,Phlippsen,uphlippsenjv@about.me,Female,04/08/2022,24465.77,Uighur,DETROIT
717,Bentley,Hully,bhullyjw@techcrunch.com,Male,19/06/2024,89645.86,Tamil,NAPERVILLE
718,Aveline,Slyne,aslynejx@usda.gov,Female,29/04/2015,35110.83,Western Frisian,Bocholt
719,Wynne,Bassindale,wbassindalejy@illinois.edu,Female,10/02/2023,42225.81,Amharic,Straß
720,Issi,Plewright,iplewrightjz@themeforest.net,Female,29/03/2018,22260.77,Azerbaijani,Eurasburg bei Wolfratshausen
721,Shayne,Harbottle,sharbottlek0@godaddy.com,Male,18/03/2021,87388.14,Dzongkha,Porto
722,Carmina,Lebreton,clebretonk1@is.gd,Female,10/08/2018,23770.77,Yiddish,PARIS
723,Cairistiona,Balsellie,cbalselliek2@trellian.com,Female,18/08/2017,87242.25,Avestan,BELZONI
724,Winny,Gudd,wguddk3@businesswire.com,Male,10/08/2018,91514.62,Armenian,Wien
725,Gav,Woollin,gwoollink4@dailymail.co.uk,Male,29/04/2025,95607.36,Tibetan,RICHMOND
726,Paloma,Uman,pumank5@telegraph.co.uk,Female,07/10/2021,90574.75,Divehi,Meath
727,Mitch,Grewer,mgrewerk6@wikispaces.com,Male,15/03/2017,30747.96,Galician,RICHMOND
728,Portia,Bachelar,pbachelark7@apple.com,Female,06/09/2019,49350.41,Kalaallisut,S GRAVENHAGE
729,Jobey,Falla,jfallak8@house.gov,Female,08/11/2022,39802.62,Church Slavic,GRAFTON
730,Ofilia,Dreinan,odreinank9@yolasite.com,Female,01/02/2017,69489.64,Tagalog,Berlin
731,Kyla,Stobbes,kstobbeska@ovh.net,Female,12/04/2017,83633.6,Swahili,N RICHLAND HILLS
732,Jefferson,Quin,jquinkb@google.ca,Male,11/06/2022,38614.13,Esperanto,PARIS 13
733,Clarisse,Nairns,cnairnskc@state.gov,Female,11/02/2024,76759.4,Galician,Erding
734,Christabella,Pisco,cpiscokd@java.com,Female,06/12/2022,67351.23,Herero,ITASCA
735,Annemarie,Champerlen,achamperlenke@loc.gov,Female,13/12/2020,73712.14,Quechua,MILANO
736,Constantine,Loweth,clowethkf@bbc.co.uk,Male,17/04/2024,23873.84,Bengali,MIDLAND
737,Leslie,Coom,lcoomkg@blogger.com,Male,12/11/2024,41110.11,Inupiaq,"Langenau, Württ"
738,Scarlett,Leythley,sleythleykh@naver.com,Female,16/06/2021,31656.04,Hindi,OMAHA
739,Marylou,Hunnam,mhunnamki@goo.ne.jp,Female,19/05/2022,70401.51,Portuguese,SAN ANTONIO
740,Cello,Halm,chalmkj@usgs.gov,Male,12/12/2022,73195.78,Volapük,Amstetten (NÖ)
741,Stanleigh,Simeonov,ssimeonovkk@infoseek.co.jp,Male,14/10/2022,53408.76,Turkish,MILANO
742,Dre,Shilstone,dshilstonekl@miitbeian.gov.cn,Female,19/01/2023,98389.49,Sango,MIDLAND
743,Cherise,Sasser,csasserkm@businessinsider.com,Female,04/11/2025,20560.01,German,NEWARK
744,Yurik,Fierman,yfiermankn@ovh.net,Male,27/09/2024,60406.09,Samoan,ABYMES CEDEX
745,Carine,Jewks,cjewksko@blog.com,Female,27/09/2019,57244.1,Fulah,AMHERST
746,Stillman,Aronson,saronsonkp@redcross.org,Male,10/07/2019,37161.26,Herero,HERMITAGE
747,Wrennie,Quiddihy,wquiddihykq@icq.com,Female,16/06/2024,53655.27,Hungarian,München
748,Jeane,Shillaker,jshillakerkr@over-blog.com,Female,27/02/2021,88256.61,Turkmen,Lorup
749,Zea,Cuffin,zcuffinks@tiny.cc,Genderqueer,20/04/2021,73371.92,Ewe,Helsinki
750,Cherry,Steadman,csteadmankt@statcounter.com,Female,07/08/2025,30055.56,Kurdish,Gentilly
751,Albrecht,Wickens,awickensku@cnbc.com,Male,26/10/2024,24833.75,Italian,HELSINKI
752,Vinni,Rambadt,vrambadtkv@princeton.edu,Female,10/03/2023,11262.55,Hebrew,SLEEPY EYE
753,Teddy,Cholmondeley,tcholmondeleykw@list-manage.com,Female,18/09/2024,48435.29,Ukrainian,HAWTHORNE
754,Melantha,Royce,mroycekx@boston.com,Female,05/06/2018,69402.17,Icelandic,"Überlingen, Bodensee"
755,Emilee,O'Mullaney,eomullaneyky@nhs.uk,Female,27/09/2021,11994.03,Turkish,STARKVILLE
756,Lorine,Christofe,lchristofekz@123-reg.co.uk,Agender,18/04/2019,13015.15,Xhosa,MONETT
757,Dickie,Obey,dobeyl0@eepurl.com,Male,30/07/2017,97374.0,Luba-Katanga,SAN DIEGO
758,Jamima,Everix,jeverixl1@discovery.com,Genderfluid,11/01/2021,53050.19,Chechen,TAMPA
759,Adriaens,Paradyce,aparadycel2@sakura.ne.jp,Female,19/05/2017,59533.87,Zulu,Tipperary
760,Hazel,Fereday,hferedayl3@telegraph.co.uk,Female,07/08/2023,79061.56,Volapük,KENYON
761,Ebonee,Alecock,ealecockl4@skyrock.com,Female,25/11/2016,83165.23,"Greek, Modern (1453-)",TUPELO
762,Powell,Oleksiak,poleksiakl5@ft.com,Male,30/06/2021,22686.32,"Ndebele, North",Praha 4
763,Kinny,Munslow,kmunslowl6@bbb.org,Non-binary,13/10/2016,29684.03,Zulu,BOWLING GREEN
764,Kingston,Klimke,kklimkel7@mashable.com,Male,25/11/2023,67576.11,Norwegian Nynorsk,MILANO
765,Ned,Hardage,nhardagel8@shop-pro.jp,Non-binary,05/04/2025,23487.56,Pali,MILANO
766,Marie-jeanne,Blount,mblountl9@paypal.com,Female,20/09/2025,55039.24,Chichewa,ONACO
767,Ardra,Oakenford,aoakenfordla@hubpages.com,Female,06/10/2015,56456.93,Indonesian,Luxembourg
768,Briant,Thomassin,bthomassinlb@merriam-webster.com,Male,19/05/2022,24683.71,Belarusian,SAN DIEGO
769,Richmound,Attarge,rattargelc@craigslist.org,Male,26/04/2020,40582.77,Danish,LAFAYETTE
770,Abel,Dayton,adaytonld@indiatimes.com,Male,23/10/2017,19118.76,Swahili,PITTSBURGH
771,Sallee,Earey,seareyle@hexun.com,Female,12/11/2016,25071.31,Portuguese,CHARLESTON
772,Averell,Suatt,asuattlf@elegantthemes.com,Male,25/02/2021,79096.48,Korean,PANA
773,Colene,Heinish,cheinishlg@businessweek.com,Female,03/01/2015,15461.11,Ido,RICH HILL
774,Marline,Pratchett,mpratchettlh@rambler.ru,Female,12/10/2022,71392.65,Latvian,BOUTTE
775,Shelba,Casaccia,scasacciali@about.me,Female,26/11/2019,66052.63,Czech,Sint-Jans-Molenbeek
776,Bogey,Goldthorpe,bgoldthorpelj@digg.com,Male,01/05/2021,27428.44,Ukrainian,READING
777,Baron,Aggas,baggaslk@google.co.jp,Male,18/01/2019,66202.58,Catalan,Marburg
778,Adrian,Smylie,asmyliell@freewebs.com,Female,27/04/2023,74956.37,Nauru,TOULOUSE
779,Regen,Kabos,rkaboslm@auda.org.au,Male,08/09/2022,39129.19,Sango,ST. PAUL
780,Ellerey,Shervington,eshervingtonln@alexa.com,Genderfluid,05/12/2024,32173.49,Danish,ROSEMONT
781,Modesty,Eagleton,meagletonlo@ehow.com,Genderfluid,31/05/2019,59731.48,Yiddish,WHEELING
782,Durant,Roja,drojalp@hatena.ne.jp,Male,21/01/2022,46944.27,Venda,PARIS
783,Cyril,Lelliott,clelliottlq@time.com,Male,03/02/2017,80458.43,Tatar,Antwerpen
784,Costa,Duthie,cduthielr@economist.com,Male,20/03/2018,17463.65,Romanian,PARIS
785,Glen,Kilgrew,gkilgrewls@slashdot.org,Male,19/04/2016,67294.48,Urdu,"Lichtenfels, Bay."
786,Mathew,Caisley,mcaisleylt@angelfire.com,Male,14/07/2019,26137.58,Georgian,ALMENDRALEJO
787,Obie,Franzoli,ofranzolilu@wix.com,Male,02/11/2022,53699.94,Malayalam,MONTROUGE
788,Sallyann,Haistwell,shaistwelllv@statcounter.com,Female,25/12/2023,81314.08,"Ndebele, South",ANADARKO
789,Ofelia,Fernley,ofernleylw@list-manage.com,Female,25/12/2022,30576.68,Nepali,FT. LAUDERDALE
790,Ambur,Vossgen,avossgenlx@oracle.com,Female,10/04/2021,72188.73,"Greek, Modern (1453-)",ANDERSON
791,Bevan,Klyner,bklynerly@fema.gov,Male,29/09/2018,24342.63,Afrikaans,NEW CASTLE
792,Clarine,Jarrold,cjarroldlz@unicef.org,Female,24/12/2024,67588.65,Indonesian,Ljubljana
793,Regen,Larne,rlarnem0@liveinternet.ru,Male,01/07/2022,46420.77,Cree,PARIS 08
794,Grove,Brecken,gbreckenm1@pbs.org,Male,12/10/2024,52797.62,Irish,Przedbórz
795,Torey,Iannelli,tiannellim2@marriott.com,Male,11/03/2018,12992.34,Igbo,SEYMOUR
796,Lukas,McKellen,lmckellenm3@mysql.com,Male,27/12/2020,49864.36,Kannada,MIDDLETOWN
797,Read,Hardage,rhardagem4@devhub.com,Male,25/06/2024,63413.44,Urdu,BIRMINGHAM
798,Garvy,Golagley,ggolagleym5@unicef.org,Genderfluid,16/04/2018,50264.27,Burmese,VOLTERRA
799,Tadeo,Kidstone,tkidstonem6@squarespace.com,Male,28/03/2016,93420.47,English,BURLINGTON
800,Glen,Shakspeare,gshakspearem7@mozilla.com,Female,09/07/2019,45148.86,Bulgarian,"Rahden, Westf."
801,Hastie,Nelsen,hnelsenm8@joomla.org,Male,24/02/2020,93637.16,Church Slavic,Murau
802,Lane,Quartermaine,lquartermainem9@unblog.fr,Agender,19/02/2022,44791.36,Slovak,HENRICO
803,Laura,Tutt,ltuttma@foxnews.com,Female,22/05/2022,35363.12,Aragonese,BIRMINGHAM
804,Karl,Booler,kboolermb@ning.com,Male,04/11/2017,86782.1,Wolof,PINE BLUFF
805,Veronika,Secret,vsecretmc@yellowpages.com,Female,11/10/2015,46404.72,Bosnian,RICHMOND
806,Merralee,Franks,mfranksmd@rakuten.co.jp,Female,22/05/2020,30608.83,Breton,RICHMOND
807,Brennan,Dolphin,bdolphinme@mail.ru,Male,18/04/2025,17224.85,German,MILANO
808,Isadora,Cudd,icuddmf@technorati.com,Female,05/03/2020,30781.53,Sardinian,NORTH MANKATO
809,Abbott,Eastham,aeasthammg@lulu.com,Agender,30/12/2024,82215.97,Bengali,CINCINNATI
810,Ranique,Southan,rsouthanmh@hud.gov,Female,24/02/2023,93858.78,Aragonese,"Ehningen, Kr. Böblingen"
811,Selie,Cuthbertson,scuthbertsonmi@amazon.de,Female,08/06/2020,48388.32,Romansh,NORTH CHGO
812,Niven,Barniss,nbarnissmj@harvard.edu,Male,25/08/2023,20928.26,Estonian,CHESTERTOWN
813,Thaine,Maccrae,tmaccraemk@sphinn.com,Male,08/03/2024,64950.79,Aragonese,RUTHER GLEN
814,Rip,Riehm,rriehmml@studiopress.com,Male,09/02/2024,95326.01,Yiddish,EVANSTON
815,Martguerita,Ingraham,mingrahammm@uol.com.br,Female,22/12/2016,11746.69,Volapük,Wien
816,Vick,Horsted,vhorstedmn@wsj.com,Male,28/08/2017,45072.21,Yoruba,NORTH MANKATO
817,Alexandre,Hardington,ahardingtonmo@gnu.org,Bigender,08/09/2024,27494.6,Hungarian,MEMPHIS
818,Haslett,Pendrigh,hpendrighmp@yandex.ru,Male,13/08/2017,51029.58,Samoan,GLADSTONE
819,Alis,Capaldo,acapaldomq@biblegateway.com,Female,14/01/2017,81207.02,Ukrainian,ANNECY LE VIEUX
820,Renato,Dyson,rdysonmr@patch.com,Male,17/12/2016,38139.42,Azerbaijani,MILANO
821,Farlay,Fellgett,ffellgettms@acquirethisname.com,Male,10/09/2017,14804.99,Estonian,BROOKINGS
822,Moritz,Pyrton,mpyrtonmt@acquirethisname.com,Male,13/07/2024,35330.58,Gaelic,RICHMOND
823,James,Diano,jdianomu@digg.com,Male,20/01/2021,29416.95,Limburgan,PITTSBURGH
824,Donia,Passmore,dpassmoremv@hubpages.com,Female,20/05/2021,86493.6,Tagalog,MILANO
825,Job,Calder,jcaldermw@fastcompany.com,Male,22/02/2023,67685.0,Twi,MEXICO
826,Theodosia,Worboys,tworboysmx@yellowbook.com,Female,19/10/2016,96401.7,Catalan,ALBANY
827,Benton,Tinniswood,btinniswoodmy@weibo.com,Male,29/08/2024,88305.29,Manx,KANSAS CITY
828,Valdemar,Billinge,vbillingemz@pagesperso-orange.fr,Male,14/09/2023,51813.24,Shona,Potsdam
829,Ulick,Spanton,uspantonn0@bizjournals.com,Male,14/03/2020,60120.05,Oromo,KILGORE
830,Hewitt,Swiffin,hswiffinn1@psu.edu,Male,06/03/2023,13232.44,Indonesian,Schönecken
831,Skipton,Passmore,spassmoren2@wikia.com,Male,10/02/2023,27262.79,Basque,Puteaux
832,Antonino,Rizzardini,arizzardinin3@adobe.com,Male,07/02/2022,14340.47,Herero,MINNEAPOLIS
833,Garald,Dumingos,gdumingosn4@cdbaby.com,Male,16/07/2016,85866.64,Church Slavic,MILANO
834,Adi,Feek,afeekn5@stumbleupon.com,Female,21/04/2021,29461.49,Tswana,PLEASANT HILL
835,Iona,Gaddie,igaddien6@mozilla.com,Polygender,04/05/2020,68670.87,Occitan (post 1500),COLUMBUS
836,Joshua,Griston,jgristonn7@goodreads.com,Male,10/05/2016,35658.24,Chuvash,KINGFISHER
837,Hamel,Trigg,htriggn8@mit.edu,Male,14/11/2022,10772.13,Tonga (Tonga Islands),NANTERRE
838,Ainsley,Shortell,ashortelln9@epa.gov,Female,13/09/2015,57623.6,Sichuan Yi,KANSAS CITY
839,Svend,Guion,sguionna@etsy.com,Male,22/12/2024,57190.47,Interlingua (International Auxiliary Language Association),PARIS 16
840,Waite,Batterham,wbatterhamnb@sogou.com,Male,20/10/2016,76360.5,Chechen,HAWTHORNE
841,Laney,Renowden,lrenowdennc@freewebs.com,Male,22/11/2020,63530.91,Church Slavic,FERMO
842,Mar,Caren,mcarennd@youtu.be,Male,09/04/2022,85973.27,Macedonian,Gramastetten
843,Anallise,De Benedictis,adebenedictisne@constantcontact.com,Female,03/11/2018,12120.01,Pali,CEVA
844,Bryanty,Martineau,bmartineaunf@e-recht24.de,Male,17/02/2023,49921.19,Georgian,SAN DIEGO
845,Mona,Chastey,mchasteyng@altervista.org,Female,13/02/2015,92205.55,Abkhazian,IVA
846,Malanie,Robbeke,mrobbekenh@fema.gov,Female,17/05/2015,78479.27,Javanese,DALEVILLE
847,Vitoria,Dranfield,vdranfieldni@163.com,Genderfluid,28/06/2021,94185.02,Nauru,BORDEAUX CEDEX
848,Abraham,Lavin,alavinnj@elegantthemes.com,Male,17/02/2024,74256.9,Sango,BELDING
849,Dunn,Shapiro,dshapironk@globo.com,Male,13/12/2019,28373.49,Kuanyama,RUTHER GLEN
850,Chanda,Gergolet,cgergoletnl@weebly.com,Female,02/11/2019,83766.33,Romansh,RICHMOND
851,Raye,Idell,ridellnm@cpanel.net,Female,08/08/2022,60873.63,Telugu,SPOKANE VALLEY
852,Wanda,Cross,wcrossnn@dyndns.org,Female,23/02/2022,30699.96,Nepali,DETROIT
853,Phyllida,Strangward,pstrangwardno@google.co.jp,Female,16/02/2021,96369.49,Afrikaans,'S-HERTOGENBOSCH
854,Costa,Wards,cwardsnp@symantec.com,Male,31/10/2018,64381.79,Galician,MILANO
855,Emmet,Jewell,ejewellnq@amazonaws.com,Male,07/04/2023,38581.21,Kanuri,Schrems
856,Cordell,Tournay,ctournaynr@cnn.com,Male,17/10/2017,51359.44,Bislama,Memmingen
857,Flori,Luxford,fluxfordns@weebly.com,Female,14/03/2017,57506.47,Icelandic,PARIS 13
858,Maxi,Bursnall,mbursnallnt@google.cn,Female,23/03/2021,19844.94,Finnish,CINCINNATI
859,Reggi,Blincko,rblinckonu@nih.gov,Female,19/03/2024,25838.78,Nepali,GROESBECK
860,Abbot,Lermit,alermitnv@cam.ac.uk,Genderqueer,11/03/2016,34862.89,Divehi,Athens
861,Eilis,Haylett,ehaylettnw@addthis.com,Female,20/09/2022,10208.81,Latin,MCKINNEY
862,Melodee,Lepper,mleppernx@nba.com,Female,16/07/2020,42031.93,Marshallese,MIDDLETOWN
863,June,Rubenczyk,jrubenczykny@senate.gov,Female,10/02/2019,22752.4,Xhosa,Rīga
864,Gillan,Scheffler,gschefflernz@domainmarket.com,Female,13/09/2016,21451.09,Swahili,ALBANY
865,Nesta,Greetham,ngreethamo0@telegraph.co.uk,Female,15/12/2015,14162.6,Sardinian,WAVERLY
866,Cord,Cotelard,ccotelardo1@last.fm,Male,14/11/2018,30151.03,Kazakh,MC HENRY
867,Nels,Jerwood,njerwoodo2@networkadvertising.org,Male,03/03/2017,43035.92,Zulu,Saarbrücken
868,Rouvin,Youdell,ryoudello3@mozilla.com,Male,22/11/2018,74903.16,Bashkir,MILANO
869,Bartholemy,MacGilmartin,bmacgilmartino4@drupal.org,Male,24/12/2020,27011.43,Romansh,TUPELO
870,Sabine,Cristofol,scristofolo5@360.cn,Female,05/10/2017,57048.56,"Sotho, Southern",LEWISTOWN
871,Ettore,Chedzoy,echedzoyo6@mapquest.com,Male,01/05/2017,45586.69,Kanuri,"Gemünden, Wohra"
872,Jerrine,Neiland,jneilando7@wsj.com,Female,08/02/2021,71350.13,Sinhala,THOMASVILLE
873,Mathew,Harmond,mharmondo8@parallels.com,Male,16/12/2021,44750.46,Swahili,SUGAR LAND
874,Marnie,Mazzeo,mmazzeoo9@google.co.jp,Female,02/11/2015,48116.0,Rundi,CINCINNATI
875,Juline,Kayzer,jkayzeroa@harvard.edu,Female,02/12/2023,25333.22,Tamil,München
876,Kellby,Arnolds,karnoldsob@miibeian.gov.cn,Male,01/09/2025,27799.36,Maori,TORINO
877,Dosi,Cornfoot,dcornfootoc@bigcartel.com,Female,25/08/2015,73815.51,Portuguese,MONACO
878,Travus,Geeves,tgeevesod@prweb.com,Male,29/09/2017,36765.44,Galician,KANSAS CITY
879,Ashby,Alejandri,aalejandrioe@ibm.com,Male,22/09/2025,28814.82,Tigrinya,Bremen
880,Orella,O'Grady,oogradyof@bbc.co.uk,Polygender,22/07/2022,28626.17,Malagasy,Antwerpen
881,Giselle,Forsard,gforsardog@europa.eu,Agender,09/08/2021,52025.38,Czech,MILANO
882,Hadleigh,Finn,hfinnoh@trellian.com,Male,12/10/2023,43143.38,Igbo,PITTSBURGH
883,Ragnar,Shilling,rshillingoi@csmonitor.com,Male,20/03/2023,36734.84,Western Frisian,MIAMI
884,Yorke,Daton,ydatonoj@oaic.gov.au,Male,18/09/2017,52717.74,Haitian,Aspach im Innkreis
885,Horatius,Vautier,hvautierok@w3.org,Agender,27/08/2021,44614.55,Manx,PARIS-LA DEFENSE CEDEX
886,Charis,Novotna,cnovotnaol@com.com,Female,14/11/2024,76147.72,Cree,BIRMINGHAM
887,Opaline,Bossingham,obossinghamom@squidoo.com,Female,22/05/2021,64828.3,Hindi,POPLAR BLUFF
888,Esta,Kearsley,ekearsleyon@blogger.com,Female,10/08/2025,40611.58,Galician,HERMITAGE
889,Mellie,Jendricke,mjendrickeoo@dion.ne.jp,Female,21/09/2018,63353.8,Albanian,AVON
890,Lizzy,Bartolacci,lbartolacciop@chronoengine.com,Female,13/08/2016,61658.48,Marathi,SAN DIEGO
891,Tamqrah,Jiri,tjirioq@aol.com,Female,24/11/2017,37393.38,Urdu,Rheinböllen
892,Anderea,Coomes,acoomesor@surveymonkey.com,Female,04/11/2022,52821.61,Kikuyu,PALMA
893,Reinold,Junifer,rjuniferos@disqus.com,Male,16/02/2022,92743.34,Quechua,AMERICUS
894,Cletus,Antrim,cantrimot@samsung.com,Male,17/03/2023,22422.44,Catalan,Monaghan
895,Derwin,Moreno,dmorenoou@slashdot.org,Male,04/11/2020,73343.54,Kikuyu,PARIS 09
896,Lucio,Longstreeth,llongstreethov@google.com,Non-binary,12/09/2021,36894.73,Malagasy,CINCINNATI
897,Corrianne,Gillett,cgillettow@zdnet.com,Female,12/04/2015,72395.34,Guarani,MONTICHIARI
898,Ivy,Georgeon,igeorgeonox@desdev.cn,Female,15/05/2020,50333.26,Norwegian,OMAHA
899,Stephan,Burnyeat,sburnyeatoy@macromedia.com,Male,11/11/2024,55169.52,Sundanese,Hagelstadt
900,Gene,Kaygill,gkaygilloz@macromedia.com,Female,28/06/2025,27142.22,Ganda,NEW IBERIA
